PCB names,FreeRouting,,,,PcbRouter,,,,RL-MCTS,,,,Original solution,,,
,Success,wirelength (milimeter),#vias,runtime (second),Success,wirelength (milimeter),#vias,runtime (second),Success,wirelength (milimeter),#vias,runtime (second),Success,wirelength (milimeter),#vias,runtime (second)
1-Wire-Wing-pcb_1-Wire_Wing,Yes,507.5431282,2,10.21,Yes,410.74087248116894,16,17.0,,,,,,,,
16x12-bits-I2C_I2C_Servo,Yes,1063.7861003568873,6,43.43,Yes,964.9359007100254,30,33.0,,,,,,,,
1Bitsy_1bitsy,No,,,,No,,,,No,,,,Yes,1093.765,65,N/A
2d_conduction_sk9822-matrix,Yes,2994.5414975895287,1,2441.3,No,,,,,,,,,,,
4-port-usb-hub_4port-usb-hub,Yes,1094.1131777271958,7,67.49,No,,,,,,,,,,,
4N35-TTL-Serial-Optoisolator_4N35-TTL-Serial-Optoisolator,Yes,207.7658408,0,1.01,Yes,196.84851979869634,3,1.0,,,,,,,,
4_digit_hex_display_4_digit_display,No,,,,Yes,1315.1738679790842,134,28.0,,,,,,,,
59pct_keyboard,Yes,7552.6877229077145,48,534.38,Yes,7423.048431021867,171,548.0,,,,,,,,
655_testboard,Yes,958.0805754,14,107.81,Yes,894.9874632234312,49,18.0,,,,,,,,
6N137-TTL-Serial-Optoisolator_6N137-TTL-Serial-Optoisolator,Yes,265.0459636403393,0,1.85,Yes,254.2182993292557,2,1.0,,,,,,,,
6volt-5W-solar-cc_6vleadacidsolar,Yes,874.2178673,5,98.86,Yes,735.0716610572655,41,9.0,,,,,,,,
74Logic_SA_ADC_SA-ADC,No,,,,No,,,,,,,,,,,
8088_sbc2_pcb_8088_sbc2,Yes,8768.090036897935,41,71.44,No,,,,,,,,,,,
96boards-robomezzi_96boards-robomezzi,No,,,,No,,,,,,,,,,,
96boards-sensors_Sensors,Yes,3744.8659,72,1725.99,No,,,,,,,,,,,
ABOVISP_ABOVISP,Yes,211.8013799,1,4.69,Yes,181.40823945689075,11,1.0,,,,,,,,
ADC-DAC-16bit_ADC-DAC-16bit,Yes,221.9284108,2,6.1,No,,,,,,,,,,,
ADC-PCM4202-SE_ADC-PCM4202-SE,Yes,2753.2885920423355,8,805.24,No,,,,,,,,,,,
ADC-PCM4202_ADC-PCM4202,Yes,2758.5702973006355,18,1566.94,No,,,,,,,,,,,
APC_AtariPunkConsole,Yes,460.6638401,0,2.93,No,,,,,,,,,,,
APM-RPi-Shield_APM-RPi-Shield,No,,,,Yes,1305.483079606548,82,88.0,,,,,,,,
AS5043-Encoder_sensor-board,Yes,257.6348674,1,4.41,Yes,230.1907477388669,10,47.0,,,,,,,,
ATMEGA328-Motor-Board_ATMEGA328_Motor_Board,No,,,,No,,,,,,,,,,,
ATmega32_ExploreUltraAvrDevKit_40pin_AVRMCU,Yes,1121.4884505217055,1,6.380000000000001,Yes,1061.7498980590951,16,10.0,,,,,,,,
ATmega32_ExploreUltraAvrDevKit__autosave-MCU_BaseBoard,Yes,6731.124614376425,17,910.63,Yes,6368.72428370528,178,361.0,,,,,,,,
ATtiny461Breakout_ATTiny461DevBoard,Yes,324.3120357,0,2.89,Yes,290.81689332871656,16,2.0,,,,,,,,
AVR-ISP_level-shifter_AVR-ISP_level-shifter,Yes,361.2467224645671,0,3.25,Yes,352.581508813713,13,2.0,,,,,,,,
AVR-ISP_pogo-plug_1.27mm_AVR-ISP_pogo-plug_1.27mm,Yes,53.10307677,0,1.58,Yes,48.3506168964261,9,0.1,,,,,,,,
AVR-Playground_hello_world,Yes,134.5766351,0,0.55,Yes,134.75971273368054,0,3.0,,,,,,,,
AVR-ZIF-Programmer_AVR-ZIF-Prog,Yes,1506.451377,0,20.67,Yes,1352.3435560383798,18,19.0,,,,,,,,
Aleste-520EX_aleste,No,,,,No,,,,,,,,,,,
Amiga-A1012-PCB_Amiga-A1012,Yes,1666.327782,29,124.29,Yes,1586.715259640131,64,26.0,,,,,,,,
AmpOne_dev-AmpOne,Yes,2645.392472,19,841.98,Yes,2697.259814031024,128,2144.0,,,,,,,,
AnalogThermometer_AnalogThermometer,Yes,199.4560578,0,5.66,Yes,180.2246979354968,8,1.0,,,,,,,,
Apple-M0110-BT_Apple M0110,Yes,4322.7868628373535,1,48.06999999999999,No,,,,,,,,,,,
Arduino-Theremin_arduino-theremin-v1,Yes,628.1463765,0,3.81,Yes,602.6122608010309,5,9.0,,,,,,,,
ArduinoDueClone_ATSAM3X8EA,No,,,,No,,,,,,,,,,,
Arduino_Lipo_Storage_Discharger_Lipo_Storage_Discharger,Yes,1026.555089,0,9.19,Yes,929.086932732413,15,15.0,,,,,,,,
Aria_Aria,Yes,1565.6291658670452,46,1137.9,No,,,,,,,,,,,
Atmel-ICE-Header-Adapter_ice header adapter pcb,Yes,844.8850252040191,4,32.85,No,,,,,,,,,,,
Atreus_54percent_rev,No,,,,No,,,,,,,,,,,
Avem_Hardware_Avem_demo,Yes,715.6301458,10,61.23,Yes,636.4152776704991,33,120.0,,,,,,,,
AzizLight_AzizLight,Yes,657.8561799,12,42.46,Yes,599.0431078175079,35,4.0,,,,,,,,
BB-PWR-3608_BB-PWR-3608_revA,No,,,,Yes,73.73838976226844,3,0.1,,,,,,,,
BB-PWR-8009_BB-PWR-8009_revA,No,,,,Yes,63.25743649928215,4,0.1,,,,,,,,
BB-PWR-8113_BB-PWR-8113_revA,No,,,,Yes,105.66083932411695,3,2.0,,,,,,,,
BGM111-External-Programmer_BGM111_Programmer,No,,,,Yes,121.2496979457601,3,0.1,,,,,,,,
BITxo_BITxo,Yes,285.4157744,5,6.69,No,,,,,,,,,,,
BLDC-controller_BLDC_controller,No,,,,No,,,,,,,,,,,
BML-Badges_BML-Badges,Yes,450.2625609,0,1.63,Yes,437.99543473304675,2,4.0,,,,,,,,
BML-Badges_BML_01,Yes,331.5663136,0,1.22,Yes,326.87448465269415,2,2.0,,,,,,,,
BMS-bq76940_EvaluationsBoard,Yes,1899.27782,8,122.75,No,,,,,,,,,,,
BUF-DiffToSE-ADAU1966_BUF-DiffToSE-ADAU1966,Yes,2283.549241,7,870.46,Yes,1874.1048603807815,67,46.0,,,,,,,,
Baofeng-Interface_BaofengInterface,Yes,259.3193228883333,0,13.559999999999999,Yes,260.90190317128656,0,1.0,,,,,,,,
Baofeng-Interface_BaofengInterfaceIsolated,No,,,,Yes,632.6330262604948,4,3.0,,,,,,,,
BeaconBuddy_BeaconBuddy,No,,,,No,,,,,,,,,,,
BirdAttractor_BirdAttractor_RevA,Yes,348.7982373,3,3.91,No,,,,,,,,,,,
BirdAttractor_BirdAttractor_RevC,Yes,1076.606783,12,75.2,No,,,,,,,,,,,
BirthdayCakeKeyboard_10Key,Yes,3927.29006,36,1986.58,No,,,,,,,,,,,
Biscay_Blueeye_mcu,Yes,1235.961928,0,44.18,Yes,1083.762778192513,12,6.0,,,,,,,,
Biscay_Blueeye_sipm,Yes,1978.7673082337158,58,772.19,Yes,1692.3594483006643,192,53.0,,,,,,,,
Biscay_Blueeye_sipm-comp,Yes,1638.099786,20,944.88,Yes,1546.8018460022784,99,290.0,,,,,,,,
Biscay_Blueeye_sipm-fpga,Yes,1363.0820945950438,10,375.46999999999997,Yes,1358.0407279800193,98,336.0,,,,,,,,
Blink-Eras_AVR_ISP_Pogo,Yes,96.9460556,0,0.6,Yes,97.08183829280486,0,0.1,,,,,,,,
Blink-Eras_Blink Eras,Yes,247.99039570156543,0,4.609999999999999,No,,,,,,,,,,,
BlueBerry-Zero_blueberry,Yes,718.0272933190538,6,100.58,No,,,,,,,,,,,
Board-RZA1L_BoardRZA1,No,,,,No,,,,,,,,,,,
Box0-hv-analog-breakoutboard_breakout,No,,,,No,,,,,,,,,,,
BrushlessESC_esc,Yes,1539.307508,35,874.08,No,,,,,,,,,,,
Brushless_ESC_Brushless_ESC,Yes,1419.4227818124912,21,357.2,Yes,1140.1394154210914,96,14.0,,,,,,,,
C-BISCUIT_buck-reg-5v,Yes,443.348757,1,20.52,Yes,357.8405351926022,11,4.0,,,,,,,,
C-BISCUIT_crowbar,Yes,136.374126,1,2.21,No,,,,,,,,,,,
CAL430FR_CAL430F,Yes,1107.95768,58,4464.87,Yes,1485.427328722642,191,70.0,,,,,,,,
CAL430FR_CAL430F_watch,Yes,355.0264926,0,5.44,Yes,365.62078986699356,5,2.0,,,,,,,,
CANadapter_CANadapter,Yes,588.6226789022181,8,2.63,No,,,,,,,,,,,
CATS_PiHat_v2,No,,,,Yes,1260.980181675043,42,12.0,,,,,,,,
CPU-Power-Supply-Mod_CPU_Power_Supply_Mod,Yes,2019.593434,0,11.78,No,,,,,,,,,,,
Camera-Modules_LG-G2-Camera-Shim,No,,,,Yes,199.44984216630112,26,15.0,,,,,,,,
Camera-Modules_LG-G2-G3-13M-Breakout,Yes,755.869765,11,15.57,Yes,740.7852191708329,12,16.0,,,,,,,,
CapPCB_CapPcb,Yes,72.18391713,0,0.72,Yes,93.81418525125989,0,5.0,,,,,,,,
Cherry-Mx-Bitboard_Cherry Mx Bitboard,Yes,68.7644,0,0.31,No,,,,,,,,,,,
ChirpHardware_chirp,Yes,769.6965178,13,114.55,No,,,,,,,,,,,
Class_D_Amp_class_D_ampl,No,,,,Yes,1837.1979683034194,75,714.0,,,,,,,,
CompactFlashBreakout_CompactFlashBreakout,Yes,453.1235514900065,11,51.46,Yes,404.6130308323477,27,46.0,,,,,,,,
CoreOne-xCORE200-Original_CoreOne,No,,,,No,,,,,,,,,,,
CubeSAT-Reaction-Wheel_Edison_Motor_Servo,Yes,115.7301748,0,0.75,Yes,113.15138762161206,0,0.1,,,,,,,,
CubeSAT-Reaction-Wheel__autosave-GPIO to motor,Yes,642.3816183353223,2,5.4799999999999995,No,,,,,,,,,,,
Curryboard_Curryboard,Yes,1989.639789,37,2306.8,No,,,,,,,,,,,
DAC-ADAU1966_DAC-ADAU1966,Yes,3850.823928,22,4020.69,No,,,,,,,,,,,
DA_Lamp_attiny44a_servo_i2c,Yes,200.69076517755434,2,3.38,Yes,168.78901832876443,15,1.0,,,,,,,,
DC25_DC25,Yes,1430.714576,14,45.77,No,,,,,,,,,,,
DIYDAC_DIYDAC,Yes,70.41306745,0,0.66,Yes,67.38528137423859,0,0.1,,,,,,,,
DPS-1200FB_Adapter_Adapter,Yes,800.4836327,0,11.559999999999999,Yes,797.3687313328419,0,21.0,,,,,,,,
DSKY-alarm-panel-replica_DSKY_alarm,Yes,2577.1979996851665,31,25.95,Yes,2205.518306249787,115,116.0,,,,,,,,
DSP-ADAU1452_DSP-ADAU1452,No,,,,No,,,,,,,,,,,
DaWeather---Project__autosave-CarteDaWeather,Yes,582.578,0,0.61,Yes,616.1407913072819,2,6.0,,,,,,,,
DasBlinkinput_Das Blinkinput,Yes,608.2665664805825,16,16.34,No,,,,,,,,,,,
Dekada_dekada,Yes,378.7696833,0,4.44,Yes,370.8636370044146,0,5.0,,,,,,,,
Dekada_dekada_1210_example,Yes,382.348416,0,5.61,Yes,375.48373830998503,0,6.0,,,,,,,,
Dekada_dekada_TopoR_curves,Yes,378.7696833,0,4.42,Yes,370.8636370044146,0,5.0,,,,,,,,
DerKnopf_digi-pot,No,,,,No,,,,,,,,,,,
DerKnopf_led-ring,No,,,,No,,,,,,,,,,,
DerKnopf_power-supply,Yes,192.7217497,0,1.46,No,,,,,,,,,,,
DerKnopf_remote-control,Yes,121.4808692,0,1.09,No,,,,,,,,,,,
DiscoDanceFloorV1_BusTerminator,Yes,98.21526576,0,1.84,Yes,75.92388725667443,5,0.1,,,,,,,,
DiscoDanceFloorV1_DiscoDongle,Yes,442.6073167,3,58.62,No,,,,,,,,,,,
DoroidOscillo-Board_Android_Oscilloscope,No,,,,No,,,,,,,,,,,
DronPi_dronPi,No,,,,No,,,,,,,,,,,
DualLM317BenchSupply_DualLM317BenchSupply,Yes,1087.839751,0,6.62,Yes,1068.331816345769,1,19.0,,,,,,,,
DustSensorShield_DustSensorShield,Yes,498.3152233,3,3.19,Yes,480.43915234930193,12,42.0,,,,,,,,
E202VAR-Natural-Radio-Receiver_e202var-vlf-radio-receiver,Yes,939.9598236,0,5.92,No,,,,,,,,,,,
ESCPT_data,Yes,2117.9840900970007,21,456.83,No,,,,,,,,,,,
ESP-12-breakout_ESP12E-breakout,Yes,382.9447953,1,13.22,No,,,,,,,,,,,
ESP-Breakout_ESP-Breakout,Yes,371.2973003,13,9.04,No,,,,,,,,,,,
ESP07-Breakout_ESP07-Breakout,Yes,796.1554289,1,32.29,No,,,,,,,,,,,
ESP32-Module-Breakout_ESP32S-breakout,Yes,758.1542509,17,17.04,Yes,697.6858658878436,38,11.0,,,,,,,,
ESP32-board_esp32_board,No,,,,No,,,,,,,,,,,
ESP8266-MQTT-battery-monitor-hw_battery-monitor,Yes,650.7552746,13,30.13,Yes,544.8571728312535,38,42.0,,,,,,,,
ESP8266-WS2811-LEDs_ws2811controller_panels,Yes,163.4261525,2,3.92,Yes,157.66164491784252,8,1.0,,,,,,,,
ESPLux_Board,Yes,828.3721140206017,3,46.53,No,,,,,,,,,,,
ESP_BaPoTeSta_ESP_BaPoTeSta,Yes,791.3702617,12,63.49,No,,,,,,,,,,,
ESP_WiFiSwitch_WifiSwitch,Yes,354.3375981975093,0,3.31,Yes,296.0903137490658,8,2.0,,,,,,,,
ESP_nRF_Relay_Relay_WiFi_nRF24,Yes,719.52,1,7.85,No,,,,,,,,,,,
ESPglobe_ESPglobe,No,,,,No,,,,,,,,,,,
ESPkit-01_espkit-01,No,,,,No,,,,,,,,,,,
ESProto-One_ESProto,Yes,510.7303376,0,3.25,No,,,,,,,,,,,
EUC-VESC_electronics_BJT,No,,,,No,,,,,,,,,,,
EUC-VESC_electronics_sept,No,,,,No,,,,,,,,,,,
Eggbot-Spherebot-polargraph-Controller_eggbot-spherebot-polargraph-controller,Yes,1237.698448,3,14.31,Yes,1190.7792593278164,20,11.0,,,,,,,,
Electronics-MainBoard_MainBoard,Yes,2916.280314,17,513.97,No,,,,,,,,,,,
ElectronutLabs-ZeroDriver__autosave-zeroDriver,Yes,1080.5550539458059,35,1410.5800000000002,No,,,,,,,,,,,
EncoderBoard_Enc_Pan_Led,No,,,,No,,,,,,,,,,,
ErgodoneWithHole_ErgoDone,No,,,,No,,,,,,,,,,,
EtherCAT_shield_v1_EtherCAT_shield_v1,No,,,,No,,,,,,,,,,,
FMCW_RADAR_Radar MCU,Yes,1314.0644326011802,53,1747.46,No,,,,,,,,,,,
FMCW_RADAR_Radar RF,No,,,,No,,,,,,,,,,,
FMCW_RADAR_Radar v2,No,,,,No,,,,,,,,,,,
FRM16_Relay_Module_I2C_Controller_relay_controller,Yes,1469.4862804648728,8,22.73,Yes,1390.7844981883138,25,8.0,,,,,,,,
FT231X_breakout_FTDI_FT231XS-U_Breakout,Yes,428.1403553909088,5,10.22,No,,,,,,,,,,,
FaradayRF-Hardware_Faraday,Yes,2970.197391,75,7129.39,No,,,,,,,,,,,
FireMC_rados,No,,,,No,,,,,,,,,,,
FlashProgrammer_flash_programmer,Yes,1493.6415072791572,38,224.57,No,,,,,,,,,,,
FogDrive_attiny45,Yes,58.27521582,0,0.5,No,,,,,,,,,,,
FogDrive_attiny45_slim,Yes,51.76290797,0,0.45,No,,,,,,,,,,,
Fox-1-MPPT_TL1451_MPPT_Flight_Rev1,No,,,,No,,,,,,,,,,,
FreeSmartEEG__autosave-AD7779 for Intel Edison umdk,Yes,2549.826731321769,5,668.17,No,,,,,,,,,,,
Game-Boy-Zero-DMG-Controller-PCB-KiCad_Game-Boy-Zero-DMG-Controller-PCB,Yes,604.5879299,1,130.56,No,,,,,,,,,,,
HACK_hack,No,,,,No,,,,,,,,,,,
HES-V2__autosave-hes,Yes,453.223897,0,2.06,No,,,,,,,,,,,
HES-V2_hes,Yes,453.223897,0,1.26,No,,,,,,,,,,,
HIDIRT-for-STM32F103C8T6-DevBoard_STM32F103C8T6-DEV-BOARD-addon,Yes,421.3417179,0,2.07,Yes,405.75214804518225,1,6.0,,,,,,,,
HID_PID_controller,Yes,1011.0668322939442,8,124.30000000000001,No,,,,,,,,,,,
HW-AC-Emeter_ac-power-monitor,Yes,1128.501,17,41.83,Yes,1015.53762813079,46,57.0,,,,,,,,
HW-ESP8266_Roomba_ESP8266_Roomba,No,,,,No,,,,,,,,,,,
HW-ESP8266_Roomba_ESP8266_Roomba_panel_x_3,No,,,,No,,,,,,,,,,,
HY-AI7688H-RevA_HY-AI7688H,Yes,3178.322919,10,3993.71,No,,,,,,,,,,,
HamShield09_HamShield09,No,,,,No,,,,,,,,,,,
Hangul-Clock_Hangul,Yes,3292.179377,7,982.84,No,,,,,,,,,,,
Hardware-done-with-kicad_AVRlearn,Yes,394.113995,0,2.06,Yes,373.5644310234812,6,3.0,,,,,,,,
Hardware_Playground_BL_PCB_latest,Yes,1800.158634,6,284.44,Yes,1718.3030991055878,23,37.0,,,,,,,,
Hardware_Playground_E3_Pcb_rev0.3,No,,,,No,,,,,,,,,,,
Hardware_Playground_NRF52832_Touch_Switch_Power_Supply,Yes,678.9792836973809,5,78.12,No,,,,,,,,,,,
Hardware_Playground_Touch_Switch_1ch_PCB,Yes,648.7829257,21,132.51,Yes,685.4594961725558,94,103.0,,,,,,,,
Hardware_Playground_Touch_Switch_2ch_PCB,Yes,876.1415291849527,29,327.96,Yes,747.0159303112785,97,101.0,,,,,,,,
Hardware_Playground_buck_led_driver,Yes,85.97549082,2,2.06,No,,,,,,,,,,,
Hardware_Playground_esp8266_uno,Yes,1772.1186165573254,20,645.89,No,,,,,,,,,,,
Hardware_Playground_esp8266_uno_relay,Yes,580.3032984,0,31.94,No,,,,,,,,,,,
Hardware_Playground_heater_actuator_node,No,,,,No,,,,,,,,,,,
Hardware_Playground_hy_adapter,Yes,56.71616892817926,3,0.47,Yes,6.325483399593908,2,0.1,,,,,,,,
Hardware_Playground_led_strip_actuator_node,Yes,794.7570819146915,18,846.98,Yes,842.7826637758226,51,49.0,,,,,,,,
Hardware_Playground_leds_array,Yes,1135.602552,0,22.51,Yes,1127.2164102586044,5,27.0,,,,,,,,
Hardware_Playground_livolo_1_channel_1way_eu_switch,Yes,556.9486156,10,22.69,No,,,,,,,,,,,
Hardware_Playground_livolo_2_channels_1way_eu_switch,No,,,,Yes,774.7084505719415,72,11.0,,,,,,,,
Hardware_Playground_lm317_adj_supply,Yes,773.1712189,0,3.02,Yes,759.9811121955535,1,13.0,,,,,,,,
Hardware_Playground_minimal_node_rfm69w,Yes,620.119,24,59.1,Yes,591.4596640646088,55,7.0,,,,,,,,
Hardware_Playground_multisensor_cr123,No,,,,Yes,835.8435211603326,86,44.0,,,,,,,,
Hardware_Playground_multisensor_cr2032,No,,,,No,,,,,,,,,,,
Hardware_Playground_nrf52832_coin,No,,,,No,,,,,,,,,,,
Hardware_Playground_nrf52832_uno,Yes,1647.720625,19,420.39,Yes,1465.5888740022936,112,34.0,,,,,,,,
Hardware_Playground_nrf5x_coin,No,,,,No,,,,,,,,,,,
Hardware_Playground_orange_pi_zero_node,Yes,824.6263473,0,79.53,Yes,813.4205851000474,8,5.0,,,,,,,,
Hardware_Playground_pro_mini,Yes,531.7249971,0,40.36,Yes,539.2328943725088,30,14.0,,,,,,,,
Hardware_Playground_rfm69w_adapter,No,,,,No,,,,,,,,,,,
Hardware_Playground_rpi_zero,Yes,848.5355852409939,1,1060.18,Yes,792.8924489678441,10,7.0,,,,,,,,
Hardware_Playground_rpi_zero_ws2812,Yes,299.6714038,0,3.97,Yes,289.7841832749075,4,2.0,,,,,,,,
Hardware_Playground_samd51_micropython,No,,,,Yes,584.6777267958147,77,24.0,,,,,,,,
Hardware_Playground_sd_wav_pcm5100,No,,,,Yes,1235.9607767422528,105,239.0,,,,,,,,
Hardware_Playground_serial_gw_ATMEGA328P,No,,,,No,,,,,,,,,,,
Hardware_Playground_serial_gw_ATSAMD21E,No,,,,No,,,,,,,,,,,
Hardware_Playground_serial_gw_maple_mini,No,,,,Yes,850.9244665528952,7,10.0,,,,,,,,
Hardware_Playground_usb_shield,Yes,695.9853022,0,151.97,No,,,,,,,,,,,
Hardware_Playground_wifi_lights,Yes,620.3855852,2,7.06,No,,,,,,,,,,,
Hardware_Playground_ws281x_led_strip_controller,Yes,752.4367849413838,18,438.15999999999997,Yes,780.8286593323462,65,17.0,,,,,,,,
HaveSome_PCB_HaveSomePCB,Yes,79.11409813,1,3.03,Yes,87.75807858037439,2,0.1,,,,,,,,
Helium_helium_1-6,No,,,,No,,,,,,,,,,,
HellScribe_HellScribe,Yes,1487.102578,18,64.74,Yes,1447.4802089873758,45,23.0,,,,,,,,
HiFiAudioCodecModule_HiFiAudioCodecModule,Yes,347.69757131082764,4,20.47,No,,,,,,,,,,,
HillhacksLantern_LEDLantern,Yes,420.116103,0,3.16,Yes,394.57021090287935,2,3.0,,,,,,,,
Hornbill-ESP32-DEV_Hornbill Devboard,Yes,1089.0649910788543,45,578.1800000000001,No,,,,,,,,,,,
Hornbill-ESP32-Minima_Beacon32,No,,,,No,,,,,,,,,,,
Horticulture_Light_EQ_3-Band_3 channel led driver rev0.4,Yes,1331.0963674382992,20,2038.2900000000002,No,,,,,,,,,,,
Horticulture_Light_EQ_3-Band_light,No,,,,No,,,,,,,,,,,
Hypfer-RGB-W-LED-Controller_led_strip_controller,Yes,1132.105715,2,7.5,Yes,1094.8841641472159,11,19.0,,,,,,,,
I2CTempsensor_sensors,Yes,139.2291358,0,0.88,Yes,131.80961346990267,2,1.0,,,,,,,,
ID-FIX_scanConnect,Yes,50.38148403,0,0.45,Yes,54.10835984051205,0,0.1,,,,,,,,
IGN01A_IGN01A,Yes,692.3739167601177,1,24.21,Yes,604.1827933652606,19,5.0,,,,,,,,
IR-Transponder-ATTiny85-v2_Transponder_v2,Yes,135.9246517,0,3.01,Yes,121.6890176571681,3,0.1,,,,,,,,
ISO-port_ch340-usb-serial-isolated,Yes,694.2854095226777,3,44.89,Yes,594.9012109530573,32,17.0,,,,,,,,
Inhibition_amplifier,Yes,2365.057721,1,77.44,No,,,,,,,,,,,
Inhibition_amplifier.kicad_pcb-CNC version (with some problems),No,,,,No,,,,,,,,,,,
Inkjet_InkjetBreakout,Yes,262.9934603,3,2.27,Yes,241.99205160428667,6,2.0,,,,,,,,
Inkjet_InkjetDriver,Yes,1164.066885,18,39.87,Yes,1093.76269576794,39,10.0,,,,,,,,
Inkjet_PiezoDriver,No,,,,Yes,250.11153912588887,7,43.0,,,,,,,,
Inkjet__autosave-InkjetDriver,Yes,1164.066885,18,42.66,Yes,1093.76269576794,39,9.0,,,,,,,,
JLink-SWD_JLink-SWD,Yes,312.5171629,2,8.47,No,,,,,,,,,,,
JavierIH_kameshield,Yes,232.2542,0,2.404,No,,,,No,,,,Yes,299.4406,0,N/A
KOS01_IdealDiode20A_ideal_diode,Yes,222.3999511,1,7.54,No,,,,,,,,,,,
Kefersender_UKW TX,No,,,,No,,,,,,,,,,,
Keyboard_PCB_Keyboard,Yes,11938.151512851506,42,2963.0299999999997,No,,,,,,,,,,,
Keyboard_tenkey,No,,,,No,,,,,,,,,,,
KiCad-LTC6802-2_main,Yes,442.8895183,0,2.09,No,,,,,,,,,,,
KiCad-Library_Teensy_test_layout,No,,,,No,,,,,,,,,,,
KiCad-Like-a-Pro-Tutorial_proj2-sevensegment,No,,,,Yes,331.4712272357046,4,3.0,,,,,,,,
KiCad-Like-a-Pro-Tutorial_rf24-breakout-v1,Yes,182.0516391,0,1.14,Yes,176.49180809371353,3,1.0,,,,,,,,
KiwiSDR_PCB_ant,No,,,,Yes,953.1637883738858,41,227.0,,,,,,,,
KiwiSDR_PCB_kiwi,No,,,,No,,,,,,,,,,,
KosselHotendBoard_KosselHotendPCB,Yes,201.1059941,0,1.15,Yes,202.9174544801515,5,1.0,,,,,,,,
L6235-PCB_L6235,Yes,685.1926251,0,3.24,Yes,677.0488716311679,5,9.0,,,,,,,,
LAUNCHXL-F28027-isolation-PCB_project1,Yes,180.0341403,0,2.04,Yes,179.8116912454315,4,1.0,,,,,,,,
LED-Square_PT4115_LED-Square_PT4115,Yes,415.5431446,2,16.24,No,,,,,,,,,,,
LED-grid-8x8_LED grid 8x8,Yes,815.1582106026354,0,2.67,No,,,,,,,,,,,
LED-strip_PWM_LED-strip_PWM,Yes,201.2196074,4,10.54,Yes,175.99400090616473,15,1.0,,,,,,,,
LED_Clock_AM_led_clock,Yes,2430.081021225314,26,718.79,No,,,,,,,,,,,
LED_port-status_LED_port-status,No,,,,No,,,,,,,,,,,
LED_port-status_LED_port-status-CA,Yes,89.64983324,8,3.85,Yes,85.08942215957316,8,0.1,,,,,,,,
LED_port-status_LED_port-status-CA-CC-combo,Yes,96.46777047,8,2.63,Yes,85.08942557378761,8,0.1,,,,,,,,
LMS6002-Pmod_LMS6002-Pmod,Yes,2235.0983380852804,41,1612.6499999999999,No,,,,,,,,,,,
LPC2148_Stick_LPC2148_stick,No,,,,No,,,,,,,,,,,
LPC2148_Stick__autosave-LPC2148_stick,Yes,4377.198612956837,57,4827.429999999999,No,,,,,,,,,,,
LSU_4-9_O2_Sensor_Controller_LO2SC,Yes,721.5543002,20,98.4,No,,,,,,,,,,,
LT3652EvalBoard_LT3652EvalBoard,Yes,623.571,0,10.49,Yes,544.0224983092332,16,4.0,,,,,,,,
LVDS2TMDS_LVDS2TMDS,Yes,356.6519798694337,10,3.76,No,,,,,,,,,,,
LadyBugShield_LBS-TEST1,Yes,412.05257,2,10.68,Yes,360.78582403848327,22,3.0,,,,,,,,
LadyBugShield_LadyBugShield,No,,,,Yes,982.1592978814043,56,150.0,,,,,,,,
LadybugLiteBlue_HW_LadybugBlueLite,Yes,1036.3521820557833,13,195.2,No,,,,,,,,,,,
LargeWordClock_LargeKickstarter,No,,,,Yes,45457.68143479175,2164,9374.0,,,,,,,,
LaundryMeasure_ac-ac,Yes,46.98565741,0,0.32,Yes,45.553080262647676,0,0.1,,,,,,,,
LeeChee_1800,No,,,,Yes,17955.91102855532,586,1409.0,,,,,,,,
LiFePO4-Charge-Controller_LiFePO4-Charge-Controller,Yes,845.7168767,0,25.04,Yes,738.3088638549305,16,41.0,,,,,,,,
LiPoSensor_lipo_sensor,Yes,483.28805561633243,15,41.92,Yes,384.2829520986155,39,2.0,,,,,,,,
LibreSolar_MPPT_charger_20A,No,,,,No,,,,No,,,,Yes,3983.277,408,N/A
Librecalc-Hardware__autosave-calculator,No,,,,No,,,,,,,,,,,
LimitSwitchesPlugin_LimitSwitchesPlugin,Yes,703.605,2,22.87,Yes,714.5004351834136,9,57.0,,,,,,,,
LizardBoard_lizard,Yes,240.7394,4,7.98,No,,,,,,,,,,,
LoLin_Designs_LoLin,Yes,219.1748662,0,0.93,Yes,212.5451321835254,1,2.0,,,,,,,,
LoRaCatKitty_NodeLoRaGroveKitty,No,,,,No,,,,,,,,,,,
LoRaCatTrack_GPSLoRa,Yes,1276.718267,5,38.9,No,,,,,,,,,,,
LoRaPP_loramod,Yes,691.9062529,16,217.01,No,,,,,,,,,,,
LoRaWAN_GPS_MINI-ULTRA-PRO,Yes,1324.735066,55,1462.97,No,,,,,,,,,,,
LoRaWAN_GPS_lorawan_gps,No,,,,No,,,,,,,,,,,
LogicBoxen_LogicBoxen,Yes,976.9820387843756,34,72.69,Yes,896.5045226074441,82,8.0,,,,,,,,
LongPixel_AnalogDriverMini,Yes,367.21975761322614,0,6.82,No,,,,,,,,,,,
LoraWAN-Stick_LoraWAN-Stick,Yes,1528.999141917442,33,116.28,No,,,,,,,,,,,
LoraWAN-Stick_LoraWAN_Header_Backwards,Yes,1813.9643681901712,28,659.0799999999999,No,,,,,,,,,,,
Lys_Lys,No,,,,No,,,,,,,,,,,
MAGFest-2017-Swadges_magfest_badges,Yes,1224.8450490377766,11,56.019999999999996,No,,,,,,,,,,,
MAPone_MAP_append,Yes,982.1953472674359,0,11.45,No,,,,,,,,,,,
MAPone_MAPone,No,,,,No,,,,,,,,,,,
MAVRIC_Hardware_ArduinoPracticeBoard,Yes,729.4024368506708,10,22.69,No,,,,,,,,,,,
MAVRIC_Hardware_Motherboard,Yes,2127.6865920960577,8,414.13000000000005,No,,,,,,,,,,,
MAVRIC_Hardware_SoilBoard,Yes,383.1282172,3,39.56,Yes,317.85483585400794,27,32.0,,,,,,,,
MAVRIC_Hardware__autosave-Motherboard,Yes,2127.6865920960577,8,379.33000000000004,No,,,,,,,,,,,
MAVRIC_Hardware_pcieduino,Yes,1078.1015902032063,25,179.67000000000002,No,,,,,,,,,,,
MOD-MPU9150_mod-mpu9150,Yes,224.07824231651193,4,6.5600000000000005,Yes,168.90608241630562,24,7.0,,,,,,,,
MSGEQ7-Breakout-Board_MSGEQ7_Breakout_Board,Yes,191.8159992,0,1.23,Yes,186.15970964114504,1,1.0,,,,,,,,
MYS-PMS7003_MYS-PMS7003,Yes,2306.748933265057,23,330.90000000000003,No,,,,,,,,,,,
MagSpoofPI_MagSpoofinThePi,Yes,548.1077615,0,5.35,Yes,546.5833253404736,8,10.0,,,,,,,,
MeArm-Wireless-PCB_MeArmWireless,Yes,1520.886668054689,21,209.20000000000002,No,,,,,,,,,,,
Mechaduino-DR_Mechaduino DR 1.01,Yes,1324.968825764318,35,1326.06,No,,,,,,,,,,,
MicroMaple_MicroMaple,Yes,1459.463182914067,39,3114.4,No,,,,,,,,,,,
Microdox-PCB_Microdox,No,,,,No,,,,,,,,,,,
Microdox-PCB_Microdox-LEDs,No,,,,No,,,,,,,,,,,
Microdox-PCB_Microdox-topMCU,Yes,2757.925530945715,5,16.62,No,,,,,,,,,,,
Microdox-PCB_Print-Microdox,No,,,,No,,,,,,,,,,,
Microdox-PCB_pcbbackup,No,,,,No,,,,,,,,,,,
Mini-Ultra-8-MHz_RS-MINI-ULTRA-8M,Yes,447.7377924,17,45.96,No,,,,,,,,,,,
Minitel_bbb-adapter,Yes,946.734318,3,8.07,Yes,884.5735541464855,13,11.0,,,,,,,,
Minitel_driver_board,Yes,843.3362929,0,4.41,Yes,824.0180255973643,9,12.0,,,,,,,,
Minitel_video_output_stage,Yes,631.1598079,0,1.99,Yes,621.8213160821584,1,7.0,,,,,,,,
MixSID_mixsid,No,,,,Yes,2663.319518501319,213,111.0,,,,,,,,
MonApollo_analog-board,No,,,,No,,,,,,,,,,,
MonApollo_digital-board,No,,,,No,,,,,,,,,,,
MoonLander_MoonLander,Yes,797.6062926738778,22,405.03999999999996,No,,,,,,,,,,,
MySRaspiGW_MySRaspiGW,Yes,98.779,2,3.92,Yes,84.27422074112307,7,1.0,,,,,,,,
MySRaspiGW_MySRaspiGW_PA_LNA,Yes,98.26305371058434,2,1.62,Yes,86.33998386532915,6,0.1,,,,,,,,
MySRaspiGW_MySRaspiGW_PA_LNA_Pimoroni,Yes,102.8992867,2,4.95,Yes,106.53947980194086,5,1.0,,,,,,,,
MySRaspiGW_MySRaspiGW_Pimoroni,Yes,120.58902988302552,2,0.9,Yes,112.77615504660557,8,2.0,,,,,,,,
MySensorIRBlaster_IR Blaster,Yes,1062.353363832063,24,84.57,No,,,,,,,,,,,
MySensorsNode_LE-BOX-0028,Yes,3237.201390105733,43,978.72,No,,,,,,,,,,,
MySensors_SecureKeyfob_MySensors_RNDKeyfob,No,,,,No,,,,,,,,,,,
NRC2016_banked_ram,Yes,3795.008682,25,155.54,Yes,3660.221887304983,221,226.0,,,,,,,,
NRC2016_usb_sio,Yes,1917.586593,11,62.77,No,,,,,,,,,,,
NRC2016_z80,Yes,5332.466,13,186.76,No,,,,,,,,,,,
NavigationThing_NavigationThing,Yes,795.3561542677537,0,240.62,Yes,741.5749098390631,26,8.0,,,,,,,,
NavigationThing_NavigationThingBacklight,No,,,,Yes,46.25979797464471,5,1.0,,,,,,,,
NeoWall_NeoWall,Yes,574.661,0,5.88,Yes,516.4762858884266,8,6.0,,,,,,,,
Neptune-Hardware_DataAcquisitionBoard,Yes,686.4463953,0,1.76,No,,,,,,,,,,,
NiMH-Charger_NiMH Charger,Yes,883.5042187681607,0,4.57,No,,,,,,,,,,,
NightClock_ESPBoard,Yes,611.2873917,6,14.39,No,,,,,,,,,,,
NoVo-Pi_NoVoPi,Yes,571.0218393,0,2.04,Yes,558.299284839316,0,4.0,,,,,,,,
NodeMcu-v3-LiPoly-LiIon-Backpack_NodeMcuLiPolyBackpack,Yes,156.2653544,0,2.36,Yes,128.7217906514915,8,2.0,,,,,,,,
OLD-Stepper-motor-board-design-project_Stepper motor driver,Yes,539.2175555335835,15,13.35,No,,,,,,,,,,,
Omega2-Berrydock_berrydock-mini,Yes,1546.686984,28,1006.77,No,,,,,,,,,,,
Omega2-mini-dock_Omega2 mini-dock,Yes,552.3899121449175,0,13.46,No,,,,,,,,,,,
OpAmpPassXsistorBenchSupply_OpAmpPassXsistorBenchSupply,Yes,1578.1926834857447,2,24.28,No,,,,,,,,,,,
Open-Source-Power-Supply_PowerSupply_PCB,Yes,1041.752,2,17.41,Yes,988.5314125437536,21,18.0,,,,,,,,
Open-Source-Power-Supply_PowerSupply_PCB_backup,Yes,1040.4508205640855,1,16.33,Yes,981.6904225356228,16,15.0,,,,,,,,
OpenAVRc_Mega_2560 core mini_full_2.0,Yes,3779.3886506411072,25,428.33,No,,,,,,,,,,,
OpenBot_openbot,Yes,718.829143,6,35.78,Yes,683.7707970003183,21,31.0,,,,,,,,
OpenHardwareExG_ActiveElectrode_OpenHardwareExG_ActiveElectrode,No,,,,No,,,,,,,,,,,
OpenHardwareExG_Shield_OpenHardwareExG_Shield,Yes,3142.5016503394977,92,152.91,Yes,2535.185727879179,359,1731.0,,,,,,,,
OpenHardwareExG_Shield_OpenHardwareExG_Shield_Test_Board,Yes,3722.418672502404,56,401.10999999999996,Yes,3213.392183718776,139,507.0,,,,,,,,
OpenHardwareExG_Shield_OpenHardwareExG_Shield_Test_Board_all_panelled,Yes,3722.418672502404,56,413.66999999999996,Yes,3213.392183718776,139,504.0,,,,,,,,
OpenMPPT_OpenMPPT,Yes,868.1638293,10,119.16,No,,,,,,,,,,,
OpenTheremin_V3_Shield_OpenThereminCC,Yes,2161.623332572215,43,221.81,No,,,,,,,,,,,
OpenVNAVI_driver unit,No,,,,No,,,,,,,,,,,
OpenVNAVI_motor unit,Yes,59.006,0,0.13,No,,,,,,,,,,,
OricMouse_OricMouse,No,,,,No,,,,,,,,,,,
OvenController_Oven,No,,,,Yes,1891.4674299673704,36,34042.0,,,,,,,,
Own-Mailbox-Hardware_eth,No,,,,No,,,,,,,,,,,
Own-Mailbox-Hardware_mailbox,No,,,,No,,,,,,,,,,,
Own-Mailbox-Hardware_mailbox-before,Yes,2199.6485530537493,81,4249.75,No,,,,,,,,,,,
Own-Mailbox-Hardware_pierre,No,,,,No,,,,,,,,,,,
P8000_WDC_Emulator_P8000_WDC_Emulator,Yes,8834.405921,35,1461.89,No,,,,,,,,,,,
PCB_constant_current_ac_hv,Yes,136.8090072,0,0.42,Yes,137.54091770706273,0,1.0,,,,,,,,
PCB_serie_led_strip,Yes,39.06,0,0.31,Yes,38.69999999999993,0,0.1,,,,,,,,
PCB_small_halogen_replacement,No,,,,Yes,314.7866289611551,14,5.0,,,,,,,,
PCIE-to-MXM-Adapter_PCIEx1toMXM3.0,Yes,2608.5345,41,6590.91,No,,,,,,,,,,,
PDB_OSD_HARDWARE_Quadcopter Power Board,No,,,,No,,,,,,,,,,,
PGA2311_pga2311,Yes,535.331,3,23.45,Yes,469.5760568245439,22,4.0,,,,,,,,
PICA_pica,Yes,3497.814895177927,9,567.03,No,,,,,,,,,,,
PICA_rampzbackup,Yes,2791.2141248131998,1,570.79,No,,,,,,,,,,,
POV_POV,Yes,304.8950591,0,1.7,Yes,297.8014628389858,1,2.0,,,,,,,,
PSU-5V-6V-Dual9V_PSU-5V-6V-Dual9V,Yes,1016.173861,0,27.56,Yes,943.1164804318172,26,26.0,,,,,,,,
PWRmeter_PWMeter,Yes,521.7981164,0,5.95,No,,,,,,,,,,,
Paperino_HW_Paperino_shield,Yes,571.7705399,0,3.67,No,,,,,,,,,,,
Paperino_HW_paperino_breakout,Yes,163.1592868,0,0.66,No,,,,,,,,,,,
Paperino_HW_paperino_module,Yes,466.4292377047992,11,83.84,Yes,379.7818767220897,42,4.0,,,,,,,,
Phased-Array-Microphone-using-FPGA_SateliteMicrophone,Yes,225.1623186,1,6.41,Yes,186.32804461028553,13,1.0,,,,,,,,
Photodiode_dethead,Yes,229.1631935,0,1.74,No,,,,,,,,,,,
Pi-Zero-SD-and-Audio-Out_BaseBoard,No,,,,Yes,1166.7815168517827,95,16.0,,,,,,,,
PiBook_pibook,No,,,,No,,,,,,,,,,,
PiPlay_AudioHAT,Yes,775.3910066,12,504.99,Yes,685.4082418327556,47,16.0,,,,,,,,
PiPlay_SDHat,Yes,543.862038,8,48.77,Yes,492.336925350054,27,5.0,,,,,,,,
PiZeroHub_PiZeroHub,Yes,795.2681845,10,180.44,Yes,618.8953592725597,41,52.0,,,,,,,,
PixyWirelessShield_Shield PIXY,Yes,155.53924144952222,0,0.78,No,,,,,,,,,,,
Planet_Vocab,Yes,609.9491146,0,2.01,Yes,605.9947575155846,2,7.0,,,,,,,,
PmodHDMIIn_PmodHDMIIn,Yes,820.5179815,5,95.08,No,,,,,,,,,,,
PoEPi-hardware__autosave-pizero-poe,No,,,,Yes,1147.8580262874466,92,23.0,,,,,,,,
PoEPi-hardware_pizero-poe,No,,,,Yes,1070.1102493726485,86,18.0,,,,,,,,
PocketBone_pocketbone-kicad,No,,,,No,,,,,,,,,,,
PowerGloveUHID_main_board,Yes,2260.808571,19,36.55,Yes,2049.708506407066,69,769.0,,,,,,,,
PowerGloveUHID_sensor_board,Yes,370.2754383,1,2.33,No,,,,,,,,,,,
Practicas-Curso-Kicad_Ej2,Yes,559.3838193,7,8.98,No,,,,,,,,,,,
Practicas-Curso-Kicad_Ejercicio2,Yes,624.8889295,4,38.91,Yes,562.0001159435536,24,6.0,,,,,,,,
Practicas-Curso-Kicad_Ejercicio_2,Yes,537.6523030064437,3,9.72,No,,,,,,,,,,,
Practicas-Curso-Kicad_Fusari_Diego,Yes,44.53960282,0,0.36,Yes,44.263057073513565,0,0.1,,,,,,,,
Practicas-Curso-Kicad_Ivan-Dmytrow,Yes,43.38616252,0,0.37,Yes,43.47350647362946,0,0.1,,,,,,,,
Practicas-Curso-Kicad_PRY_EJ1,Yes,51.64793073,0,0.47,No,,,,,,,,,,,
Practicas-Curso-Kicad_Salguero_Federico2,Yes,574.565955,4,8.89,No,,,,,,,,,,,
Practicas-Curso-Kicad_mainenti_miguel,Yes,44.26084397,0,0.5,No,,,,,,,,,,,
ProtoHead_v4_Protohead_v4_FAB_rc1,Yes,203.9261341,3,5.22,No,,,,,,,,,,,
Protoboard-DIP-for-CHIP_chip-dip-protoboard,No,,,,Yes,677.6362823870965,5,35.0,,,,,,,,
Prototyping_Workshop_Prototyping_PCB,Yes,668.0115367405135,0,8.83,Yes,627.7938434449094,13,11.0,,,,,,,,
PsuFanController_FanController,Yes,156.9499855,0,0.73,Yes,154.95311343009632,0,0.1,,,,,,,,
QRPCard_QRPCard,Yes,902.2104122,6,71.38,No,,,,,,,,,,,
R1002_R1002,Yes,535.4667372,10,41.85,No,,,,,,,,,,,
R1007_R1007,Yes,806.1420797,12,85.46,No,,,,,,,,,,,
RASPMINI_RASPmini,Yes,1146.194,3,67.83,No,,,,,,,,,,,
RC2014_RC2014 IDE,Yes,1377.9182727838777,1,21.8,No,,,,,,,,,,,
RC2014_RC2014 RAM,Yes,1940.9554856297932,11,33.269999999999996,No,,,,,,,,,,,
RC2014_RC2014 Tandy Sound Card,Yes,2327.829527,9,126.88000000000001,No,,,,,,,,,,,
RD60_RD60,No,,,,Yes,4150.146214784774,29,184.0,,,,,,,,
RFM69-PowerMonitor_RFM69-PowerMonitor,Yes,349.995,0,7.76,No,,,,,,,,,,,
RFM69HCW_ATSHA204A_Breakout_RFM69HCW_ATSHA204A_Breakout,Yes,193.0306491,0,2.15,No,,,,,,,,,,,
RF_SIGNAL_GENERATOR_HARDWARE_RF Signal Generator,Yes,1187.4266417273277,39,3449.6400000000003,No,,,,,,,,,,,
RGBMatrixPanelCPLD-PhotonBackpack_RGBMatrixPanel_CPLD,No,,,,No,,,,,,,,,,,
RGBMatrixPanelCPLD-PhotonBackpack_RGBMatrixPanel_CPLD_negative,Yes,1162.979839,11,254.22,No,,,,,,,,,,,
RGBMatrixPanelCPLD-PhotonBackpack_RGBMatrixPanel_CPLD_positive,Yes,1237.316671,16,162.09,No,,,,,,,,,,,
RN2483shield_RN2483shield,No,,,,Yes,470.61173378360536,8,526.0,,,,,,,,
RPi-ATtiny85-Programmer_rpi_attiny85_programmer,Yes,209.45719946425692,0,1.06,Yes,194.41317139919866,2,1.0,,,,,,,,
RPi-PWM-Fan-interface_RPi PWM Fan interface,Yes,61.316,0,0.05,No,,,,,,,,,,,
RSL_RSL,Yes,2212.270854066964,3,54.69,No,,,,,,,,,,,
RX5808_diversityModule,Yes,594.8753659912628,8,34.300000000000004,No,,,,,,,,,,,
RX5808_rx5808_4button,Yes,1037.828356,30,616.44,No,,,,,,,,,,,
Radar-System_fmcw_radar,No,,,,No,,,,,,,,,,,
Radio-FM-TEA5767_radio tea5767,Yes,689.8800474,2,17.03,No,,,,,,,,,,,
RainbowFox_RainbowFox,No,,,,No,,,,,,,,,,,
Raspberry-Pi-Soft-Power-Controller_Switching Supply TPS563208 MCI,Yes,162.38033161904247,0,1.24,No,,,,,,,,,,,
Raspberry-Pi-Soft-Power-Controller_Zero Current Soft Power,Yes,310.011,1,3.36,No,,,,,,,,,,,
RaspberryPi-PoE_PoELLi_PI,Yes,706.5736539,0,7.92,No,,,,,,,,,,,
ReST32_ReST,Yes,5694.531313,75,6313.4,No,,,,,,,,,,,
ReST32_ReST RRD-FGC-Adapter,Yes,725.813132,5,26.22,No,,,,,,,,,,,
ReST32_ReST SD-Module,Yes,473.93507668581816,5,8.58,No,,,,,,,,,,,
ReST32_combined,Yes,1064.5451685316596,6,101.21,No,,,,,,,,,,,
Retro1DecodingModules_AddressDecoderModule,Yes,539.0491074,0,5.65,Yes,510.252498679578,5,4.0,,,,,,,,
RoBoC_CameraAdaptor,Yes,693.9323222,0,1.98,No,,,,,,,,,,,
RoBoC_RoboticsMKII,Yes,3495.8090112343434,61,4383.860000000001,No,,,,,,,,,,,
S1G-Mod_JST_Adapter,Yes,59.54231585,0,0.42,Yes,54.21147904132612,2,0.1,,,,,,,,
S1G-Mod_S1G_Mod_868,No,,,,No,,,,,,,,,,,
S4A-Mini-board_s4a-mini-board,Yes,1061.113776,1,7.73,No,,,,,,,,,,,
SAMPad_SAMPad,No,,,,No,,,,,,,,,,,
SIUSBSC_SIUSBSC,Yes,312.8298037,4,64.29,No,,,,,,,,,,,
SMDBreakouts_smd_breakout,Yes,294.717946,0,2.34,Yes,211.40014405503885,16,0.1,,,,,,,,
SMDBreakouts_smd_breakout_quad,Yes,294.717946,0,2.3,Yes,211.40014405503885,16,0.1,,,,,,,,
SNAP-Badge_SNAP_badge,Yes,5041.83192,111,3558.02,No,,,,,,,,,,,
SPEX_HAB_Mainboard_Hardware_Power,No,,,,No,,,,,,,,,,,
SPEX_HAB_Mainboard_Hardware_Spex-Mainboard-Hardware,Yes,3285.914532,59,2591.48,No,,,,,,,,,,,
SPEX_HAB_Mainboard_Hardware_Spex-Mainboard-Hardware_rev1,Yes,3269.380455,58,4152.11,No,,,,,,,,,,,
SPEX_HAB_Mainboard_Hardware__autosave-Power,No,,,,No,,,,,,,,,,,
SPEX_HAB_Mainboard_Hardware__autosave-Spex-Mainboard-Hardware,Yes,3333.4504596252436,57,1992.71,No,,,,,,,,,,,
SPI-shift-register-CS_SPI shift register CS,Yes,1492.3671177297565,2,27.259999999999998,No,,,,,,,,,,,
STM32F303_LQFP48_STM32_LQFP48,Yes,1003.5002604935748,18,147.65,No,,,,,,,,,,,
STM32F373_LQFP48_STM32_LQFP48,Yes,954.9580265,9,217.39,No,,,,,,,,,,,
SensebenderMicro2_SensebenderMicro2,No,,,,No,,,,,,,,,,,
Sensory_Adaptation_Bot_sa_bot,Yes,2951.1040345152246,32,1459.5500000000002,No,,,,,,,,,,,
Shift-in-32-HC165_shift-in,Yes,1611.675861,1,34.56,Yes,1518.5749941602116,26,19.0,,,,,,,,
Shift-out-32-HC595_Shift-out,Yes,1445.644291,9,356.98,Yes,1258.1479654262916,47,22.0,,,,,,,,
SimpleCPLD_SimpleCPLD,Yes,763.1841555,25,56.81,Yes,664.9497298880347,43,6.0,,,,,,,,
Simple_84_Keyboard_84,No,,,,Yes,6970.305173778875,146,404.0,,,,,,,,
Smart-Watch_BON-PCB,Yes,197.0180718,0,0.54,Yes,192.22624607358406,0,1.0,,,,,,,,
Smart-Watch_SmartWatch,Yes,1255.805882303347,66,2611.28,No,,,,,,,,,,,
SmartLaserCO2-PCB_LaserPointer,Yes,49.8460844,0,0.23,Yes,50.045081348883244,0,0.1,,,,,,,,
SmartLaserCO2-PCB_OptAdjust,Yes,75.09491768,0,0.5,Yes,75.0129075763134,0,1.0,,,,,,,,
SmartLaserCO2-PCB_SmartLaserShield,Yes,1359.0292704158949,2,67.08,Yes,1239.7899859912764,41,26.0,,,,,,,,
SmartLaserCO2-PCB_WaterCool,Yes,100.4440113,0,0.66,Yes,106.77542046766247,0,2.0,,,,,,,,
SmartLaserCO2-PCB__autosave-SmartLaserShield,Yes,1359.0292704158949,2,64,Yes,1239.7899859912764,41,26.0,,,,,,,,
SmartLaserMiniShield_SmartLaserMiniShield,Yes,1186.282108,7,17.21,Yes,1084.312290331929,20,21.0,,,,,,,,
Solar_Project_Solar,Yes,3368.389,31,595.21,No,,,,,,,,,,,
Solare-BQ24210_Solare-BQ24210,Yes,127.03937409687916,0,2.71,Yes,108.4710617619558,10,6.0,,,,,,,,
SparkSwitch_SparkProtectionSwitch,Yes,182.9242155,0,1.63,No,,,,,,,,,,,
SpindleController_spindle_controller,No,,,,No,,,,,,,,,,,
Starburst-One_alpha,No,,,,Yes,92.89855959534235,4,1.0,,,,,,,,
Starling_Starling_V1,No,,,,Yes,1464.8500269548229,142,32.0,,,,,,,,
Starling__autosave-Starling WiPSU ver_0.1,Yes,399.8995053,1,14.92,No,,,,,,,,,,,
Starling_matrix,No,,,,Yes,943.4832391172363,81,52.0,,,,,,,,
StickIt-MB_StickIt-Hat,Yes,1598.9803590601791,0,21.259999999999998,Yes,1554.132515160015,21,16.0,,,,,,,,
SunLeaf_SunLeaf_V2,Yes,2373.1422991873965,51,1553.1599999999999,No,,,,,,,,,,,
SynthDrumTrigger_Synth Drum Trigger,Yes,440.61527744268193,0,1.9100000000000001,No,,,,,,,,,,,
T962A-UpgradeBoard_T962A-UpgradeBoard,No,,,,No,,,,,,,,,,,
TB6600StepperDriver_DEW_TB6600-V1,No,,,,No,,,,,,,,,,,
TCKB_Kicad_TCKB,No,,,,Yes,14085.754535073533,1154,9565.0,,,,,,,,
TLPHnodeV2_TLPHnodeV2,Yes,453.7173066,7,165.67,No,,,,,,,,,,,
TMC261-stepstick_TMC261-stepstick-v1,No,,,,No,,,,,,,,,,,
TMC261-stepstick_TMC261-stepstick-v1.1,Yes,2977.885159010075,57,633.19,Yes,2990.7686535077487,209,198.0,,,,,,,,
TOBS_HybridChargeController,No,,,,No,,,,,,,,,,,
TPS63001-Breakout_TPS63001 Breakout,Yes,122.27452440782491,3,4.08,No,,,,,,,,,,,
TPS63001-Breakout_TPS63001 Breakout 25x25,No,,,,No,,,,,,,,,,,
TTNEnschedeMote_ArduinoNanoRN2483,Yes,488.5427439,1,4.98,Yes,496.2378866196261,12,68.0,,,,,,,,
TX5823_TX5823,No,,,,No,,,,,,,,,,,
Teensy-3.5-Breakout-Boaard_PropShield_Uno,Yes,1092.967064,3,21.17,Yes,1009.5644944106292,28,15.0,,,,,,,,
Teensy-3.5-Breakout-Boaard_Teensy 35 Breakout v1,No,,,,No,,,,,,,,,,,
Teensy-3.5-Breakout-Boaard_Teensy 35 Breakout v2,Yes,2644.5309739784107,0,30.310000000000002,No,,,,,,,,,,,
Teensy-3.5-Breakout-Boaard_Teensy35Mega,Yes,5632.544807,34,913.7,No,,,,,,,,,,,
Teensy-3.5-Breakout-Boaard_TeensyMegaIoShield,Yes,3604.182493625736,24,466.31,No,,,,,,,,,,,
Teensy-3.5-Breakout-Boaard_Teensy_Uno,Yes,3110.774062,9,117.25,No,,,,,,,,,,,
Teensy-3.5-Breakout-Boaard_Test,Yes,843.28,0,5.8,Yes,843.6000000000008,0,14.0,,,,,,,,
Teensy-Hats_Teensy-7-Segment-Hat,Yes,177.4229172,2,1.94,Yes,175.44133470105953,3,1.0,,,,,,,,
Teensy-Hats_Teensy-LCD-LiDAR-Hat,Yes,764.7419191709013,1,6.569999999999999,No,,,,,,,,,,,
Teensy-Hats_Temperature-Monitor-Hat,Yes,708.8094175,1,5.4,Yes,667.7122141942593,18,11.0,,,,,,,,
TeensyProtoboard_TeensyProtoboard,Yes,534.1453063,0,9.05,Yes,518.6757838676034,2,5.0,,,,,,,,
Theia_Theia,No,,,,Yes,469.6408191272781,6,127.0,,,,,,,,
ThinkerShield_ThinkerShield,Yes,977.4046384,3,27.37,No,,,,,,,,,,,
Thremal-Printer_thermal printer,Yes,1095.491045330399,0,26.91,No,,,,,,,,,,,
TinySimon_TinySimon,Yes,472.7507295,12,66.88,No,,,,,,,,,,,
TinyTracker_ub-minimal,Yes,585.0637280478113,19,517.5,No,,,,,,,,,,,
ToslinkCNC_Toslink PlanetCNC ECO shield,Yes,1043.366819392603,0,6.29,No,,,,,,,,,,,
ToslinkCNC__autosave-ToslinkCNC_OneAxis,Yes,1226.627477866416,19,150.99,No,,,,,,,,,,,
ToslinkCNC_toslink_arduino_shield,Yes,1866.4293260517402,11,38.32,Yes,1628.7963729386295,66,26.0,,,,,,,,
TripleDelay2399_TripleDelay2399,Yes,2115.914003936403,0,31.29,Yes,2125.997006522843,22,38.0,,,,,,,,
Ttl_wlan_radar,No,,,,No,,,,No,,,,Yes,1454.001,104,N/A
TurbiGnUSB_Turbidignusb,Yes,509.6262895,1,23.5,Yes,451.7103146278764,14,6.0,,,,,,,,
UCCBPCB_USB_CAN_CONVERTER_BASIC,Yes,306.4456553975795,7,48.7,No,,,,,,,,,,,
ULPI-Pmod_ULPI-Pmod,Yes,568.4786234,10,29.96,No,,,,,,,,,,,
UProgrammer-Hardware_Programmer,Yes,2075.934725,38,363.13,No,,,,,,,,,,,
USB-Adapter_USB Adapter,Yes,375.3292519610329,0,5.08,No,,,,,,,,,,,
USB-TypeC-breakout-board_USB-TypeC-breakout-board,No,,,,No,,,,,,,,,,,
USBtin_USBtin,Yes,548.7006195,0,5.07,No,,,,,,,,,,,
UltrasonicSystem_Schematic,Yes,3424.6216039136925,10,123.17000000000002,No,,,,,,,,,,,
UniversalBoard4Nucleo_Nucleo_Universal_Board,Yes,1254.862624,0,16.31,Yes,1916.4988931220942,120,40.0,,,,,,,,
Usb-Serial-Breakout-Cp2102_cp2102,Yes,167.0668432886313,5,21.65,Yes,144.1846922472666,19,5.0,,,,,,,,
Usb_dac_dac,Yes,1969.2374291930616,5,309.72,No,,,,,,,,,,,
VB-IoT1_VB-IoT1_v1,No,,,,No,,,,,,,,,,,
VC4000MultiROM_MultiRomCard,Yes,6443.58349,18,676.02,No,,,,,,,,,,,
VM-sensor-PT1000_vm-sensor-pt100,Yes,401.2715434,0,9.43,No,,,,,,,,,,,
VariableGainAmplifier_AnalogFrontEnd,Yes,685.3459765,0,52.33,Yes,692.9741197498428,39,52.0,,,,,,,,
Vento_Vento,Yes,1798.084401,63,2827.24,No,,,,,,,,,,,
WHCS-Base-Station_base-station,Yes,2730.074767248578,22,498.24,No,,,,,,,,,,,
WS2811LEDMatrix_matrixcontrol,Yes,1335.981793,22,218.27,No,,,,,,,,,,,
WeatherSpot_Weather_station_unit,No,,,,No,,,,,,,,,,,
WeatherSpot_vreg_pressure,Yes,60.30147507,0,0.57,Yes,53.31076877383239,2,0.1,,,,,,,,
WemosLoraTracker_wemosGPSrfm,Yes,733.8743291081867,5,17.82,Yes,667.5192870617915,30,8.0,,,,,,,,
Wifi-Play-Board_Wifi_PB,No,,,,No,,,,,,,,,,,
Wkaku_wkaku,No,,,,Yes,304.5990136536514,0,437.0,,,,,,,,
WordClock_v2.0_WordClock_v2,Yes,578.0560158,4,22.58,No,,,,,,,,,,,
WyoManiacalDisplay_WyoDisplay,Yes,878.4219491,2,7.13,No,,,,,,,,,,,
Youyue-858D-plus-FAN-speed-mod_youyue-858d-plus-fan-speed-mod,Yes,211.7028535,7,6.51,No,,,,,,,,,,,
Youyue-858D-plus-MCU-adapter_youyue-858d-plus-mcu-adapter,Yes,407.6315127,0,13.06,Yes,428.46777875951926,5,3.0,,,,,,,,
a123-battery-integration_BCM,Yes,1554.7473813586007,20,132.07,No,,,,,,,,,,,
abus-cfa1000-display-grabber_acs-display-grabber,Yes,3262.321058918632,71,615.12,Yes,3115.8560083513207,184,301.0,,,,,,,,
airqualitystation_hardware,Yes,678.9190253,8,41.27,No,,,,,,,,,,,
akuhei_akuhei,Yes,308.35483303263516,0,5.4399999999999995,Yes,278.96571825025717,20,1.0,,,,,,,,
analog_esr_meter_esr_meter_rev_a,Yes,783.143401,0,8.67,No,,,,,,,,,,,
analog_esr_meter_esr_meter_rev_b,Yes,814.8837544,0,7.56,No,,,,,,,,,,,
analogevse_AnalogEVSE,Yes,1687.05079,0,9.85,No,,,,,,,,,,,
android_debug_cable_android_debug_cable,No,,,,No,,,,,,,,,,,
anima_MotorDrive,Yes,1514.8798572299006,13,154.42999999999998,Yes,1270.9240458707966,76,19.0,,,,,,,,
antdroid-board_antdroid-board,No,,,,No,,,,,,,,,,,
apa102lantern_apa102-lantern-esp8266,Yes,524.8921306,0,4.52,No,,,,,,,,,,,
apa102lantern_apa102-lantern-side,Yes,573.5580081,1,17.9,Yes,520.0106686039458,18,3.0,,,,,,,,
arduino-led-driver_arduino-led-driver,Yes,2398.824809323734,55,1294.75,No,,,,,,,,,,,
arduino_arduino leds,Yes,730.5136178832261,0,6.23,No,,,,,,,,,,,
arf154_arf154,No,,,,No,,,,,,,,,,,
atmegax8-protoboard_atmegax8-protoboard,Yes,328.4997635143062,0,2.26,Yes,336.16522753391024,2,3.0,,,,,,,,
atmel-programmer_atmel_programmer,Yes,887.4693197,0,4.89,Yes,833.0624023872732,15,11.0,,,,,,,,
audio_relay_input_switch_relay_switch,Yes,561.0352248,2,5.64,Yes,526.742258336358,9,5.0,,,,,,,,
audprog_audprog_v2,Yes,725.9695075,4,49.51,Yes,618.3002628109048,40,4.0,,,,,,,,
autohat-board_autohat-rig,No,,,,No,,,,,,,,,,,
autohat-board_inverted-usd-adapter,Yes,234.4408561,0,0.55,Yes,234.37414857579898,0,0.1,,,,,,,,
autohat-board_usd-adapter,Yes,272.9014775,3,2.59,Yes,253.77512062796217,8,3.0,,,,,,,,
avr-divecomputer_dc,Yes,2091.148495,6,165.32,No,,,,,,,,,,,
avr-fuser-32_adapter,Yes,4380.274038,11,107.25,Yes,4543.939017321558,265,235.0,,,,,,,,
avr-fuser-32_hvpp,Yes,1768.334,6,35.73,No,,,,,,,,,,,
avr_frs_shield_avr_frs,Yes,644.1477346,0,2.48,No,,,,,,,,,,,
avr_ledprojector_avr_ledprojection,No,,,,Yes,1013.0984433352284,49,11.0,,,,,,,,
avr_ledprojector_avr_ledprojection-0402,No,,,,Yes,708.2437590240032,78,21.0,,,,,,,,
badge2015_badge2015,No,,,,No,,,,,,,,,,,
badge2016_Badge_init,Yes,452.8651551,2,12.03,No,,,,,,,,,,,
balena-rover-wide-hat_resin-rover,Yes,2007.413525,16,331.58,No,,,,,,,,,,,
basic_esp_board_basic_esp_board,Yes,1231.955659,3,31.48,No,,,,,,,,,,,
battmanpi_battmanpi,Yes,1237.818425,0,21.04,No,,,,,,,,,,,
beast-phat_beast-phat,Yes,339.3099717,0,8.44,Yes,298.17984843139675,5,5.0,,,,,,,,
bee-light-measurement-matrix_bee-light-measurement-matrix,Yes,2276.917032,9,102.36,Yes,2218.8039958492222,100,25.0,,,,,,,,
beer-gauge_beer-gauge,Yes,2224.2605824416196,69,739.5100000000001,No,,,,,,,,,,,
beer-gauge_sensorboard,Yes,186.2685297,2,24.79,No,,,,,,,,,,,
beryl_rain_beryl_rain,Yes,456.153973,6,31.36,No,,,,,,,,,,,
bikedar_bikedar,Yes,712.9753325,13,267.34,No,,,,,,,,,,,
bishboria_ErgoDox,No,,,,No,,,,No,,,,Yes,6665.346,3,N/A
blackmagic-isolated_mmp,No,,,,Yes,535.3815726201648,74,24.0,,,,,,,,
bldc-gimbal-1d_gimbal-board,Yes,855.3698023992978,18,103.94,Yes,735.065655130799,43,7.0,,,,,,,,
bldc-gimbal-1d_r1_gimbal-board,Yes,946.6567811,11,61.24,Yes,841.2012826954508,39,10.0,,,,,,,,
blink-errr_blink-errr,Yes,159.4636658,1,1.77,No,,,,,,,,,,,
blinktronicator_.kicad_pcb,Yes,448.11463743964345,31,133.78,Yes,482.45166035958687,71,48.0,,,,,,,,
blinky-badge_blinky,No,,,,No,,,,,,,,,,,
bms-8s50-ic_bms-8s50-ic,No,,,,No,,,,,,,,,,,
bmw-ibus-bluetooth_bmw_bt_cdcemu_analog,Yes,394.4947595,0,5.31,Yes,370.2346938452058,9,2.0,,,,,,,,
bmw-ibus-bluetooth_bmw_bt_cdcemu_digital,No,,,,Yes,821.1653808440234,27,7.0,,,,,,,,
board_armjtag_pmod_compatible_armjtag-pmod,Yes,271.49972850244455,0,1.13,Yes,268.2407223611881,0,1.0,,,,,,,,
boards_shift-register-demo-v2,Yes,1132.079364,0,5.81,Yes,1090.8333633308773,10,15.0,,,,,,,,
boatcontrol_CommonCathode60A,Yes,2459.6675820980317,2,29.07,Yes,2218.329159343053,14,1366.0,,,,,,,,
boatcontrol_NonLatchingNO30A,No,,,,Yes,3423.67729046901,27,6659.0,,,,,,,,
bobc_LCD-panel-adapter-lvc,Yes,847.6148,6,69.779,Yes,805.7378,54,23,No,,,,Yes,838.3391,9,N/A
bobc_MS-F100,Yes,1045.213,19,68.058,No,,,,No,,,,Yes,1010.892,23,N/A
bobc_control_panel,Yes,2305.562,3,36.416,No,,,,No,,,,Yes,2392.273,0,N/A
bobc_led_clock,Yes,2388.769,26,771.3,No,,,,No,,,,Yes,2424.597,26,N/A
bobc_matrix_clock,Yes,5566.704,80,289.979,Yes,5210.756,413,564,No,,,,Yes,5606.755,60,N/A
bobc_mbeduinopresso,Yes,4054.961,16,247.053,No,,,,No,,,,Yes,3974.002,14,N/A
bpnode-bb_BPnode-BB,Yes,448.6303296895955,3,25.48,No,,,,,,,,,,,
breakout-boards_50-to-100,Yes,110.9357471,4,1.69,Yes,108.52741841218338,4,0.1,,,,,,,,
breakout-boards_avr-isp-x2,Yes,42.17323886,0,0.36,Yes,41.248023074035544,0,0.1,,,,,,,,
breakout-boards_esp8266-jtag,Yes,400.9955191,0,4.44,Yes,321.7428056423597,21,2.0,,,,,,,,
breakout-boards_swd-and-uart,Yes,118.0221059,2,1.61,Yes,114.64983806754331,3,0.1,,,,,,,,
breakout-boards_swd-to-wires,Yes,103.9149387,0,1.85,Yes,113.77387710756734,0,0.1,,,,,,,,
breakout-boards_usb-5v-3v3,Yes,91.71053699,0,1.08,No,,,,,,,,,,,
bristle_bot_light_follow_bristle_bot,Yes,347.14824130678664,0,1.06,Yes,345.42336628426597,2,2.0,,,,,,,,
bt-tnc_bttnc2,Yes,1818.7683744657702,46,3030.43,No,,,,,,,,,,,
bt-tnc_tnc,Yes,693.43327,13,48.04,No,,,,,,,,,,,
bullion_bullion,No,,,,Yes,510.424392424547,47,99.0,,,,,,,,
bumps_bumps,No,,,,No,,,,,,,,,,,
busblaster-to-swd_busblaster-to-swd,Yes,236.4872578,0,4.57,Yes,213.61634724259957,9,1.0,,,,,,,,
bypass_crossmix_bypass_crossmix,Yes,1341.965692777232,9,42.03,Yes,1159.4841129156414,42,12.0,,,,,,,,
can_firewall_hardware_CAN_Firewall,Yes,2132.290588,65,2682.89,No,,,,,,,,,,,
cap-soil-moisture-v2_soil-moisture2x4,Yes,343.7657902,2,6.19,Yes,295.08233290055875,1,1.0,,,,,,,,
card_card,No,,,,No,,,,,,,,,,,
cat-trainer_feather32u4_mma8452_pcb,Yes,638.439279,0,2.43,Yes,609.0385494472156,11,8.0,,,,,,,,
cat-trainer_teensy_base_pcb,Yes,940.740482,1,7.57,Yes,928.7940490248416,15,14.0,,,,,,,,
cdi-tach_cdi-tach,Yes,2822.639,78,942.32,No,,,,,,,,,,,
cdm324_backpack_cdm324,Yes,249.1085156,2,19.12,Yes,221.18040465631063,9,1.0,,,,,,,,
chip_lcd_dip_CHIP_LCD_DIP,No,,,,No,,,,,,,,,,,
ciurlys_ciurlys,No,,,,Yes,219.5509414805211,15,7.0,,,,,,,,
cjmcu2_CJMCU2,No,,,,Yes,1862.2315954676908,168,873.0,,,,,,,,
cleanhawk250_cleanhawk250-pdb,No,,,,No,,,,,,,,,,,
clock_cb2,Yes,1773.037247,4,89.04,No,,,,,,,,,,,
clock_lcdb4,Yes,1362.161186,2,57.11,Yes,1247.2045508319989,44,22.0,,,,,,,,
clunet-switch1_switch,Yes,609.8084257,2,21.56,No,,,,,,,,,,,
cnlohr_wiflier,No,,,,Yes,778.9373,85,62,No,,,,Yes,814.0749,85,N/A
cnlohr_wiflier_B,No,,,,Yes,817.3252,83,53,No,,,,Yes,701.423,56,N/A
cobwebb-junction-box_CobwebbJunctionBox,Yes,451.3466057,0,0.99,No,,,,,,,,,,,
constant-current-h-bridge_constant_current_source,Yes,2384.661401,15,78.62,Yes,2253.7651309089533,43,1006.0,,,,,,,,
continuity-tester_continuity-tester,Yes,234.535,1,7.93,No,,,,,,,,,,,
cookiecutter-xsproduct_{{cookiecutter.product_name}},Yes,174.1674403,0,1.7,No,,,,,,,,,,,
crossover-schiit-stack_xover4schiit,Yes,170.8818848,0,0.48,No,,,,,,,,,,,
custom_cpu--ALU_custom_cpu--ALU,Yes,1848.624315,5,45.93,Yes,1736.6923528339187,37,28.0,,,,,,,,
custom_cpu--register_custom_cpu--register,Yes,1316.573399,0,3.77,Yes,1289.1239492736584,15,16.0,,,,,,,,
data-manager_data-manager,No,,,,No,,,,,,,,,,,
dc25_spqr_badge_badge-kicad,Yes,4256.36,81,1175.96,No,,,,,,,,,,,
decelerator4030_decelerator4030,No,,,,No,,,,,,,,,,,
denbit_basic,Yes,611.3874542602703,0,3.38,No,,,,,,,,,,,
deskbot_breakout,Yes,332.4181325,1,4.72,Yes,484.3125395326652,17,10.0,,,,,,,,
devttys0_IRis,Yes,278.1192,0,5.113,No,,,,No,,,,Yes,298.2012,0,N/A
digital_clock_led_clock_3_and_4_digit,No,,,,Yes,4479.733578397922,101,228.0,,,,,,,,
digital_clock_led_clock_v1,Yes,5673.21523,15,103.97,Yes,5179.851668871825,87,266.0,,,,,,,,
disco-dongle_DiscoDongle,Yes,425.9873848,11,15.2,No,,,,,,,,,,,
divergence_meter_dm_control,Yes,1806.5594486195805,21,1529.76,No,,,,,,,,,,,
divergence_meter_dm_nixiebrd,No,,,,Yes,3998.695637892875,123,80.0,,,,,,,,
domotics_base-board-arranged,Yes,14468.409191004179,5,468.64,Yes,15639.013603430178,345,3370.0,,,,,,,,
domotics_in-board,Yes,394.5019312,0,1.87,Yes,380.4604585426531,2,8.0,,,,,,,,
domotics_out-board,Yes,693.7365645,0,4,No,,,,,,,,,,,
domotics_power-supply,Yes,742.2358543,0,5.4,No,,,,,,,,,,,
domotics_relay-board,Yes,675.2540345068178,0,3.84,Yes,647.8815233338121,1,10.0,,,,,,,,
dorkyboard_keyboard,No,,,,No,,,,,,,,,,,
draco_draco,No,,,,No,,,,,,,,,,,
drawduino_drawduino,Yes,206.1824664,0,1.03,Yes,199.4372352329289,1,1.0,,,,,,,,
dust_sensor_dust_sensor,Yes,1384.5567676728751,18,75.67,No,,,,,,,,,,,
dustbox_Dustbox,Yes,254.5259912,0,0.92,Yes,245.31244457857048,1,2.0,,,,,,,,
eBUS-Adapter_Groeger,Yes,243.8695712,0,1.25,Yes,239.5504657769877,1,1.0,,,,,,,,
eBUS-Adapter_Henning,Yes,404.4755262,0,2.54,Yes,397.12003773770715,1,2.0,,,,,,,,
edid-injector_edid-injector,Yes,1423.4090196476488,25,73.66,Yes,1269.2178844029847,60,103.0,,,,,,,,
eeg_brainboard_batteryv0,Yes,1279.324087684009,15,39.65,No,,,,,,,,,,,
eeg_brainboard_wearable,Yes,1143.1952975943375,31,257.51,No,,,,,,,,,,,
eeg_brainboard_wearable_v2,No,,,,No,,,,,,,,,,,
eeg_brainboardv0,No,,,,No,,,,,,,,,,,
eeg_brainboardv1,Yes,2645.9479749793404,58,1086.48,No,,,,,,,,,,,
eeg_brainboardv2,Yes,1954.3330525491865,25,3146.7,No,,,,,,,,,,,
eeg_muscleboardv0,Yes,841.5785918,21,1270.21,Yes,713.3056868968475,114,426.0,,,,,,,,
eink-adapter_eink,Yes,2492.915709,56,1202.26,No,,,,,,,,,,,
elbsupply_elbsupply,No,,,,No,,,,,,,,,,,
elec-power-bms_OSBMS Balancer Rev1,No,,,,No,,,,,,,,,,,
elec-power-bms_rLoopPowerBms,No,,,,Yes,1677.4111445968172,145,286.0,,,,,,,,
elec_power_dispatch,No,,,,No,,,,,,,,,,,
elec_turbo_brushless,No,,,,No,,,,,,,,,,,
epapercard_epapercard,Yes,1909.879723,23,580.31,No,,,,,,,,,,,
esp-leipa_esp-12,Yes,408.2737366,3,24.06,Yes,355.29477751567634,20,5.0,,,,,,,,
esp-serial-terminal_esp-com,Yes,596.9410666962017,1,23.520000000000003,No,,,,,,,,,,,
esp12-appliance_mod_esp12-appliance-mod,Yes,719.4363179284306,6,20.5,Yes,689.6395453549683,16,15.0,,,,,,,,
esp12-breakout_ESP12Breakout,Yes,200.1031565,0,1.81,Yes,182.92495422461974,2,1.0,,,,,,,,
esp32-cantroller_EltekController,Yes,843.3072673,2,232.55,No,,,,,,,,,,,
esp32-ethernet_esp32-ethernet,Yes,1385.51844,33,364.12,No,,,,,,,,,,,
esp32-iot-uno_esp32-iot-uno-hw,No,,,,No,,,,,,,,,,,
esp32stack_esp32stack,Yes,1105.725599,12,50.74,No,,,,,,,,,,,
esp8266-12f-board_esp8266,Yes,290.4670304,0,3.13,No,,,,,,,,,,,
esp8266-breakout_esp8266-12-breakout,Yes,599.3215764875429,7,20.15,Yes,507.88921308192914,40,8.0,,,,,,,,
esp8266-external-temp-sensor_external-temp-sensor,Yes,276.8881215,0,2.07,Yes,253.5889661216446,8,1.0,,,,,,,,
esp8266_32x32panel_esp_12_f_595,Yes,1695.797609111354,33,376.36,Yes,1507.6117370571285,92,43.0,,,,,,,,
esp8266_32x32panel_esp_12_f_595_ORDERED,Yes,1617.7707269556613,22,478.84999999999997,Yes,1507.6117370571285,92,43.0,,,,,,,,
esp8266_envmonitor_environment-monitor,Yes,360.8668209,0,4.48,Yes,318.00674531000845,10,2.0,,,,,,,,
esp8266_envmonitor_environment-monitor-1.2,Yes,370.0747904,1,3.65,Yes,329.5078908484187,9,2.0,,,,,,,,
esp8266_envmonitor_environment-monitor-1.4,Yes,360.8668209,0,4.88,Yes,318.00674531000845,10,2.0,,,,,,,,
esp8266_esp-output,No,,,,Yes,1623.7267208909202,39,1110.0,,,,,,,,
esp8266_link_test_esp12e-generics,Yes,178.9795581,1,3.06,Yes,160.980416029556,5,1.0,,,,,,,,
esp8266_link_test_esp_micro85-only,No,,,,Yes,109.55325389146518,18,7.0,,,,,,,,
esp8266_network_speaker_esp_network_speaker,Yes,627.3903,19,51.53,Yes,524.9594768534472,43,9.0,,,,,,,,
esp8266_wi07_3_adapter_esp,Yes,117.3253275,1,1.7,Yes,106.9213296994327,5,1.0,,,,,,,,
esp_hat_esp_hat,No,,,,No,,,,,,,,,,,
esp_toggl_togglbutton,Yes,198.9718,0,0.89,No,,,,,,,,,,,
espalarm_alarm,No,,,,Yes,1627.6974294664083,55,43.0,,,,,,,,
espeverywhere__autosave-espeverywhere_breakout,Yes,135.6355132,0,0.58,Yes,132.8548339959392,0,0.1,,,,,,,,
espeverywhere_espeverywhere,Yes,764.552134,9,129.13,No,,,,,,,,,,,
espionage_esplight,Yes,381.2753637,6,7.69,Yes,354.588605259049,12,2.0,,,,,,,,
eurorack_headphones_eurorack_headphones,Yes,875.3050685553117,2,21.73,No,,,,,,,,,,,
everled_everled,Yes,136.4891128,2,2.22,Yes,128.07718696915333,5,1.0,,,,,,,,
ezusb-logicanalyzer_cypress_logic_analyzer,Yes,511.47365871969885,0,3.95,Yes,459.2735337241252,8,5.0,,,,,,,,
f.60_keyboard,No,,,,Yes,3961.725865239654,11,102.0,,,,,,,,
f4fc_f4fc,No,,,,No,,,,,,,,,,,
fan_controller_fan_controller,Yes,888.0663007,9,69.66,Yes,735.3333302718124,47,7.0,,,,,,,,
fifogfx_c64cart,No,,,,No,,,,,,,,,,,
filament_extruder_extruder,Yes,825.9904727,5,27.83,No,,,,,,,,,,,
filament_extruder_sensor,Yes,384.4091217,0,1.92,Yes,449.4495780278196,0,4.0,,,,,,,,
fingerprint-with-esp32_quet van tay,Yes,471.9796588740967,0,1.45,No,,,,,,,,,,,
firefly-jar_solar_lamp,Yes,275.9742957,0,0.95,No,,,,,,,,,,,
flatpack2-adapter_EltekFlatpack2,Yes,498.8259168,0,9.25,No,,,,,,,,,,,
flip32plus_flip32,No,,,,Yes,1393.8204400253082,232,41.0,,,,,,,,
fp2_extension_sample_fp2_usb_breakout,Yes,58.3626835,0,0.69,No,,,,,,,,,,,
free-of-charge_BMS,No,,,,No,,,,,,,,,,,
freeDSP-CLASSIC-SMD-BALANCED_FreeDSP_BAL,No,,,,No,,,,,,,,,,,
freeDSPx-AMP-x4_freeDSPx-AMPx4,No,,,,No,,,,,,,,,,,
freeUSBi_USBi_Programmer,Yes,534.484,2,15.07,Yes,487.3993762221879,16,3.0,,,,,,,,
front-end-modules_LimeSDR_Sony,No,,,,No,,,,,,,,,,,
fst-01_fst-01,No,,,,No,,,,,,,,,,,
fuzzer_fuzzer,Yes,569.8597,8,137.44,No,,,,,,,,,,,
gadget-speed-radar_gadget_speed_radar_rev2,Yes,287.7927823,5,11.05,No,,,,,,,,,,,
gamelights_leds,Yes,191.914837,9,10.2,Yes,200.23121752333222,14,2.0,,,,,,,,
gdrom_adapter_board_adapter,Yes,3143.069648,22,656.26,No,,,,,,,,,,,
gepetto_circuito,Yes,958.8350115,1,10.25,Yes,910.1975276500198,14,12.0,,,,,,,,
gpsclock_clock,Yes,1305.4626698163631,3,7.87,Yes,1171.7845055816326,19,15.0,,,,,,,,
gsm-iot-core-hw_gsm-iot-core,No,,,,No,,,,,,,,,,,
guitar_fret,No,,,,No,,,,,,,,,,,
gwurrbus_gwurrbus-relay,Yes,674.4457722,0,3.12,Yes,669.5947886367534,1,7.0,,,,,,,,
gwurrbus_pwm,Yes,1039.33965,0,4.1,No,,,,,,,,,,,
hackaday_esp-14_power_meter__autosave-esp-14,Yes,165.6723232,0,0.64,Yes,154.0068222787822,0,1.0,,,,,,,,
hackyflasher_Flasher,No,,,,Yes,643.7228717775008,3,34.0,,,,,,,,
hamityanik_ULP-Weather-Logger,No,,,,No,,,,No,,,,Yes,1080.649,26,N/A
hardware-designs_c-trigger,Yes,84.52445235,0,0.38,Yes,84.57888886054567,0,0.1,,,,,,,,
hardware-designs_cc430-debug-board,Yes,954.1633,8,26.88,Yes,930.5769341014678,58,58.0,,,,,,,,
hardware-designs_energy-harvester,Yes,286.8849044477614,0,7.8500000000000005,Yes,233.90197768908618,14,19.0,,,,,,,,
hardware-designs_m-trigger,Yes,97.93312693270428,0,0.51,Yes,97.81513703397202,0,0.1,,,,,,,,
hardware-designs_nixie-combo,Yes,2940.199384,4,40.08,Yes,2527.4598754102985,72,59.0,,,,,,,,
hardware-designs_nixie-power,Yes,459.9393883445098,0,7.22,Yes,426.1342321949489,11,4.0,,,,,,,,
hardware-designs_si7021-board,Yes,104.6464563,1,1.13,Yes,106.0676210233249,3,0.1,,,,,,,,
hardware-designs_soil-moisture-sensor,No,,,,No,,,,,,,,,,,
hardware-designs_solar-harvester,Yes,238.4050597723907,0,3.03,Yes,215.56587834997038,6,1.0,,,,,,,,
hardware-designs_spirit1-board,No,,,,No,,,,,,,,,,,
hardware-designs_spsgrf-board,Yes,173.1578,4,4.51,Yes,162.00764799263658,8,1.0,,,,,,,,
headstage-adapter_headstage adapter,Yes,1879.344278583157,4,160.13,No,,,,,,,,,,,
helmholtz-servo_CurrentServo,Yes,2545.137415,3,457.99,No,,,,,,,,,,,
hillhacks2016_badge_badge1,Yes,746.4592471,0,3.44,Yes,710.6931070735214,9,10.0,,,,,,,,
hm-mod-rpi-rtc_hm-mod-rpi-rtc,Yes,378.9438424,2,24.16,Yes,298.70005367163145,14,2.0,,,,,,,,
hotstick_Wand,No,,,,No,,,,,,,,,,,
hw_trials_demo,Yes,1119.2048082202432,13,24.55,No,,,,,,,,,,,
hwstar_ac-power-monitor,No,,,,Yes,1015.538,46,62,No,,,,Yes,1199.687,20,N/A
i2lcd__autosave-i2lcd,Yes,724.6294808697503,14,141.92,Yes,718.8951367278819,85,35.0,,,,,,,,
i2lcd_i2lcd,No,,,,Yes,859.6779809543375,89,66.0,,,,,,,,
iCE40-DIO_ICE40-DIO_Rev_A,Yes,3121.541464,81,2995.71,Yes,4076.0013086919353,447,190.0,,,,,,,,
iCE40-IO_ICE40-IO_Rev_A,Yes,1912.17,16,44.16,No,,,,,,,,,,,
ice40_stm32_fsmc_test_pcb_fsmc_ice40,Yes,2296.241018,69,883.16,No,,,,,,,,,,,
icehat_icehat,No,,,,No,,,,,,,,,,,
imfr-schematics_Telescopio,Yes,1319.798125,0,5.28,Yes,1280.383762188594,7,41.0,,,,,,,,
induction-hob_temperature-sender,Yes,706.2997788666136,15,49.97,No,,,,,,,,,,,
induction-hob_temperature-sensor,Yes,44.78042798,8,8.9,Yes,41.12851236041525,8,0.1,,,,,,,,
iotuz-esp32-hardware_IoTuz,No,,,,No,,,,,,,,,,,
ipod-serial-adapter_s1_ipod_serial,Yes,600.8681043,15,97.95,Yes,528.7235010397907,45,65.0,,,,,,,,
iso50_pcb,No,,,,No,,,,,,,,,,,
jadonk_PocketBone,Yes,1555.186,65,878.153,No,,,,No,,,,Yes,1649.745,78,N/A
jdy-08-board_jdy-08,Yes,422.316236,0,2.01,Yes,393.8629337348009,10,2.0,,,,,,,,
juno-chorus-clone_juno-chorus-clone,No,,,,Yes,4203.6469288050985,81,968.0,,,,,,,,
karabas-nano_karabas-nano-revA,No,,,,Yes,13096.243260999803,2494,3943.0,,,,,,,,
karabas-nano_karabas-nano-revB,No,,,,Yes,14129.071699944487,2754,4175.0,,,,,,,,
karabas-nano_karabas-nano-revC,No,,,,Yes,14369.16121680287,2761,4553.0,,,,,,,,
karabas-nano_karabas-nano-revG,No,,,,No,,,,,,,,,,,
karabas-nano_wifi_revA,Yes,315.2718738805664,0,1.6800000000000002,No,,,,,,,,,,,
kassenautomat.mdb-interface_mdb-interface,Yes,2211.627211,10,474.83,No,,,,,,,,,,,
kelvindmmwifi_kelvindmmwifi,Yes,337.9124844323472,3,6.87,Yes,293.8664839610499,13,11.0,,,,,,,,
keyboard_converter_adapter_ibm4704_converter_adapter_ibm4704,Yes,183.7515584,0,0.92,No,,,,,,,,,,,
keyboard_converter_converter,No,,,,No,,,,,,,,,,,
keytee_pcb,No,,,,No,,,,,,,,,,,
kicad-esp8266-led-shld_ESP8266_LED_shld,Yes,999.542581,5,11.59,No,,,,,,,,,,,
kicad-guitar-preamp_Preamp-Instructables,Yes,144.8309851,0,0.58,Yes,145.09638436322777,0,0.1,,,,,,,,
kicad-projects_BatCharge,Yes,164.1877296,0,7.79,No,,,,,,,,,,,
kicad-projects_dice,Yes,1024.9314868666638,4,44.79,Yes,852.8956582579383,54,14.0,,,,,,,,
kicad-projects_ili9341-breakout,Yes,260.6937037,0,1.6,Yes,255.30614886186862,2,2.0,,,,,,,,
kicad-workshop_fancyboard,Yes,525.0736398,1,45.23,No,,,,,,,,,,,
kicad_bbb-melzi,Yes,385.285193,0,1.09,No,,,,,,,,,,,
kika-in-space_DS8500,Yes,253.0812904,1,10,Yes,192.8096146085296,10,2.0,,,,,,,,
kika-in-space_analog-test-board,Yes,160.9574567,0,2.95,Yes,136.0407874683007,9,0.1,,,,,,,,
kit2-led-cube_led_cube,Yes,936.1593634492879,3,86.60000000000001,Yes,781.1187607570529,42,8.0,,,,,,,,
kitspace_120-channel-pogo-pin-board,No,,,,Yes,7506.349,477,1777,No,,,,Yes,9159.981,101,N/A
kitspace_120-channel-test-board,No,,,,Yes,3157.228,314,933,No,,,,Yes,2937.942,240,N/A
kitspace_12V5A_breakout,Yes,216.885,0,2.133,Yes,214.7103,0,1,No,,,,Yes,238.7433,0,N/A
kitspace_12_24_boost_converter,Yes,305.1632,0,2.396,Yes,301.6015,1,2,No,,,,Yes,358.2649,0,N/A
kitspace_40-channel-hv-switching-board,No,,,,Yes,6569.622,611,669,No,,,,Yes,8491.654,469,N/A
kitspace_4_switch_array,Yes,300.7125,0,1.995,Yes,295.456,0,2,No,,,,Yes,321.9207,0,N/A
kitspace_8_switch_array,Yes,567.3269,0,3.948,Yes,554.2278,1,5,No,,,,Yes,608.1346,0,N/A
kitspace_Arduino_uno_sheild,Yes,1000.935,0,3.721,Yes,976.0498,24,22,No,,,,Yes,1059.858,3,N/A
kitspace_BQ25570_Harvester,No,,,,No,,,,No,,,,Yes,193.9856,10,N/A
kitspace_BalthazarKeyboard3-keycaps,Yes,7929.922,39,1070.346,No,,,,No,,,,Yes,8214.701,34,N/A
kitspace_BalthazarPSU3,Yes,1107.659,20,10.74,No,,,,No,,,,Yes,1126.156,26,N/A
kitspace_Brk40p,Yes,648.5487,7,15.001,Yes,684.6751,49,5,No,,,,Yes,646.5093,0,N/A
kitspace_CA3306E,No,,,,Yes,781.1895,27,23,No,,,,Yes,787.5478,7,N/A
kitspace_CH330,No,,,,No,,,,No,,,,Yes,75.65507,4,N/A
kitspace_CO2,Yes,747.4039,10,63.048,No,,,,No,,,,Yes,753.3162,18,N/A
kitspace_ChaosLooper,Yes,897.4739,2,13.031,Yes,789.8898,23,44,No,,,,Yes,994.9279,15,N/A
kitspace_CocoMixtape_UGM_Kicad,No,,,,No,,,,No,,,,Yes,837.3069,3,N/A
kitspace_Control%20Board,Yes,6773.06,9,243.448,Yes,6463.44,110,240,No,,,,Yes,8261.445,146,N/A
kitspace_DIY_detector,Yes,382.1234,0,3.962,Yes,338.2365,1,2,No,,,,Yes,433.8376,0,N/A
kitspace_Driverino-Shield,Yes,1412.495,24,123.492,No,,,,No,,,,Yes,1465.02,23,N/A
kitspace_EEZ%20DIB%20MCU%20r1B2,No,,,,Yes,9468.223,1002,13921,No,,,,Yes,11050.02,591,N/A
kitspace_ESP8266-PowerMonitor,Yes,419.3742,1,5.827,No,,,,No,,,,Yes,437.6241,4,N/A
kitspace_ESPTINY86_Mixtape_version2,No,,,,Yes,1414.047,56,225,No,,,,Yes,1904.514,71,N/A
kitspace_GPSMux,Yes,227.623,2,9.19,Yes,187.8622,15,12,No,,,,Yes,209.5555,8,N/A
kitspace_Heltec_Node,Yes,1025.112,5,33.198,Yes,1045.375,6,68,No,,,,Yes,1107.185,17,N/A
kitspace_LED%20Zappelin,Yes,1953.861,0,12.696,No,,,,No,,,,Yes,2693.777,2,N/A
kitspace_Lcr_addon,Yes,816.4293,0,5.102,No,,,,No,,,,Yes,890.4041,8,N/A
kitspace_Minisumo_V2.1,No,,,,Yes,964.6022,48,22,No,,,,Yes,1122.471,23,N/A
kitspace_Mixtape_Barebone,Yes,237.6418,2,3.736,Yes,232.4936,10,1,No,,,,Yes,318.2599,0,N/A
kitspace_OSO-BOOK-C1,No,,,,No,,,,No,,,,Yes,2440.703,76,N/A
kitspace_Oak,Yes,2138.545,47,15.671,No,,,,No,,,,Yes,2297.805,71,N/A
kitspace_OpenSpritzer_1.3,No,,,,No,,,,No,,,,Yes,1067.271,4,N/A
kitspace_OtterCastAmp,No,,,,No,,,,No,,,,Yes,7375.521,758,N/A
kitspace_OtterCastAudioV2,No,,,,No,,,,No,,,,Yes,1811.681,140,N/A
kitspace_OtterPill,No,,,,No,,,,No,,,,Yes,920.6384,140,N/A
kitspace_OtterPillG,Yes,778.1182,23,955.766,No,,,,No,,,,Yes,782.1726,47,N/A
kitspace_OtterScreen,No,,,,No,,,,No,,,,Yes,765.5757,31,N/A
kitspace_OutlineChaos,Yes,931.7827,3,10.999,Yes,820.601,24,23,No,,,,Yes,998.25,15,N/A
kitspace_PCBs,Yes,594.3423,2,12.085,Yes,501.1521,15,4,No,,,,Yes,651.5621,7,N/A
kitspace_PIS,Yes,418.6584,0,4.015,No,,,,No,,,,Yes,433.4057,0,N/A
kitspace_PSLab,No,,,,No,,,,No,,,,Yes,3399.391,174,N/A
kitspace_PWR,No,,,,No,,,,No,,,,Yes,367.4689,3,N/A
kitspace_Potentiometer_mount_16LED,Yes,1473.899,1,7.954,Yes,1485.171,35,27,No,,,,Yes,1549.258,0,N/A
kitspace_Potentiometer_mount_24LED,Yes,3283.441,6,63.431,Yes,2994.482,106,91,No,,,,Yes,3690.615,1,N/A
kitspace_Potentiometer_mount_4LED,Yes,202.7886,0,1.681,Yes,190.6489,0,1,No,,,,Yes,209.5331,0,N/A
kitspace_Potentiometer_mount_8LED,Yes,313.2294,0,1.863,Yes,313.1928,1,4,No,,,,Yes,1072.326,0,N/A
kitspace_RPi_shield,Yes,331.7107,0,2.154,Yes,331.1271,0,4,No,,,,Yes,332.6083,0,N/A
kitspace_Spikeling_ESP32,Yes,2440.774,8,4.733,No,,,,No,,,,Yes,3010.076,31,N/A
kitspace_Spikeling_V2.1,No,,,,No,,,,No,,,,Yes,3415.274,13,N/A
kitspace_Spikeling_V2.2,Yes,2705.957,5,6.649,No,,,,No,,,,Yes,3231.759,15,N/A
kitspace_Spikeling_V2.2c,Yes,2598.511,1,5.403,No,,,,No,,,,Yes,3042.819,25,N/A
kitspace_T32_ref,Yes,2049.561,49,614.668,Yes,1766.102,151,23,No,,,,Yes,2227.592,108,N/A
kitspace_TS100C,No,,,,No,,,,No,,,,Yes,578.1859,33,N/A
kitspace_TuneShroom,Yes,1217.563,36,45.237,Yes,1081.405,56,42,No,,,,Yes,1202.136,59,N/A
kitspace_USB-C-Screen-Adapter,No,,,,No,,,,No,,,,Yes,1223.694,175,N/A
kitspace_USB-C-Screen-Adapter-LDR6023SS,No,,,,No,,,,No,,,,Yes,910.4717,49,N/A
kitspace_USB-LED-Otter,No,,,,No,,,,No,,,,Yes,207.5254,16,N/A
kitspace_USBI2C01,No,,,,Yes,454.0291,24,31,No,,,,Yes,518.4106,9,N/A
kitspace_USBee32-S2,No,,,,No,,,,No,,,,Yes,1553.023,50,N/A
kitspace_Unifying,No,,,,Yes,3705.565,414,1702,No,,,,Yes,3588.638,103,N/A
kitspace_XassetteAsterisk,No,,,,No,,,,No,,,,Yes,4016.345,145,N/A
kitspace__autosave-nunchuk_breakout,Yes,150.2095,0,2.071,No,,,,No,,,,Yes,150.2065,1,N/A
kitspace__autosave-postcard,Yes,539.1987,6,2.439,No,,,,No,,,,Yes,560.9462,8,N/A
kitspace_antenna_analyser,Yes,1168.487,0,6.358,No,,,,No,,,,Yes,1303.278,0,N/A
kitspace_aquarius,Yes,2486.086,33,225.155,No,,,,No,,,,Yes,2603.355,91,N/A
kitspace_ardfpga,Yes,2573.011,50,1200.083,No,,,,No,,,,Yes,2892.593,148,N/A
kitspace_bbq10breakout,Yes,232.8654,4,20.318,Yes,184.6513,16,16,No,,,,Yes,245.3114,10,N/A
kitspace_beehive,Yes,1647.358,0,3.664,Yes,1611.071,17,25,No,,,,Yes,1709.274,0,N/A
kitspace_bobbycar,Yes,499.7979,1,2.848,No,,,,No,,,,Yes,483.2585,4,N/A
kitspace_bomanz,Yes,646.9985,7,39.207,No,,,,No,,,,Yes,672.8185,23,N/A
kitspace_cseduinov4,Yes,519.5868,0,3.851,No,,,,No,,,,Yes,582.4605,2,N/A
kitspace_d20_r0.1,No,,,,No,,,,No,,,,Yes,1315.729,209,N/A
kitspace_d20_tri_r0.2,No,,,,Yes,2572.987,711,142,No,,,,Yes,2886.431,243,N/A
kitspace_d20_tri_r0.3,No,,,,Yes,2560.759,695,144,No,,,,Yes,2891.453,242,N/A
kitspace_d20_tri_r1.0,No,,,,Yes,4926.452,1091,311,No,,,,Yes,2891.453,242,N/A
kitspace_dropbot-front-panel,No,,,,Yes,8067.131,506,1006,No,,,,Yes,8554.583,190,N/A
kitspace_dropbot_control_board,Yes,3030.204,38,1011.725,No,,,,No,,,,Yes,3192.882,84,N/A
kitspace_dynamixel_shield,Yes,873.5319,3,12.697,No,,,,No,,,,Yes,1032.388,20,N/A
kitspace_esp8266,Yes,597.85,0,4.441,No,,,,No,,,,Yes,725.4169,8,N/A
kitspace_esp8266-12-breakout,Yes,599.3216,7,17.873,Yes,507.8892,40,10,No,,,,Yes,601.3254,16,N/A
kitspace_esptiny86_Stompbox,Yes,1146.059,19,51.661,No,,,,No,,,,Yes,1377.913,39,N/A
kitspace_f-91w,No,,,,No,,,,No,,,,Yes,626.1135,68,N/A
kitspace_fast_diode_pcb,Yes,155.0897,0,2.049,No,,,,No,,,,Yes,165.4648,0,N/A
kitspace_filaSens,Yes,421.1874,3,11.41,Yes,360.2237,26,3,No,,,,Yes,423.6844,10,N/A
kitspace_firefly,Yes,1958.878,2,470.496,No,,,,No,,,,Yes,2112.573,12,N/A
kitspace_flypi,Yes,2521.772,17,10.104,No,,,,No,,,,Yes,2629.415,68,N/A
kitspace_flypi_v2,Yes,1869.425,0,10.104,No,,,,No,,,,Yes,1951.975,0,N/A
kitspace_gas_sensor,Yes,238.103,0,2.068,Yes,229.3264,1,1,No,,,,Yes,255.9054,0,N/A
kitspace_glasgow,No,,,,No,,,,No,,,,Yes,5310.618,411,N/A
kitspace_grove_adaptor,Yes,17.66184,0,1.243,Yes,16.73935,0,0.1,Yes,29,28,31743 (RL)+1029 (MCTS),Yes,17.12132,0,N/A
kitspace_hack,No,,,,No,,,,No,,,,Yes,656.6051,26,N/A
kitspace_hbridge_driver,Yes,571.1198,0,3.969,Yes,561.3793,2,4,No,,,,Yes,650.2265,0,N/A
kitspace_hp_led_switch,Yes,551.016,0,3.273,Yes,540.8316,3,5,No,,,,Yes,611.9374,0,N/A
kitspace_hum_temp_sensor,Yes,87.82527,0,1.589,Yes,87.64298,0,0.1,No,,,,Yes,108.4245,0,N/A
kitspace_ideal_diode,Yes,222.4085,1,7.095,No,,,,No,,,,Yes,196.9506,3,N/A
kitspace_ir_sensor,Yes,228.2666,0,1.505,Yes,226.2039,0,2,No,,,,Yes,229.4374,0,N/A
kitspace_led_driver,Yes,598.485,1,8.669,No,,,,No,,,,Yes,658.1077,5,N/A
kitspace_level_shifter,Yes,464.231,0,2.788,Yes,443.5656,0,3,No,,,,Yes,469.1038,0,N/A
kitspace_lpa96,No,,,,No,,,,No,,,,Yes,4953.048,309,N/A
kitspace_minisumo_v3,Yes,2922.306,34,15.898,No,,,,No,,,,Yes,3164.465,55,N/A
kitspace_mppt-1210-hus,No,,,,No,,,,No,,,,Yes,3234.224,212,N/A
kitspace_neotron-32,Yes,7422.571,15,350.951,No,,,,No,,,,Yes,8890.093,35,N/A
kitspace_nunchuk_breakout,Yes,155.5234,0,2.13,No,,,,No,,,,Yes,189.5396,5,N/A
kitspace_parasite,No,,,,No,,,,No,,,,Yes,533.0011,26,N/A
kitspace_peltier,Yes,641.5262,0,4.663,Yes,633.996,5,6,No,,,,Yes,709.6838,0,N/A
kitspace_piezo_amplifier,Yes,3674.96,17,6.802,Yes,3396.078,75,104,No,,,,Yes,3675.012,17,N/A
kitspace_pmt_combiner,Yes,586.8748,0,2.815,No,,,,No,,,,Yes,676.3899,4,N/A
kitspace_postcard,Yes,519.0685,4,4.871,No,,,,No,,,,Yes,557.9466,8,N/A
kitspace_power_supply,Yes,313.203,0,2.019,No,,,,No,,,,Yes,325.6625,0,N/A
kitspace_push-on-hold-off,Yes,217.7581,2,6.691,No,,,,No,,,,Yes,204.2697,13,N/A
kitspace_sensor,Yes,2079.08,23,112.031,No,,,,No,,,,Yes,2079.08,23,N/A
kitspace_solenoid_driver,Yes,367.8944,0,1.988,Yes,339.9425,1,2,No,,,,Yes,392.597,0,N/A
kitspace_sop8breakout,Yes,34.61448,0,1.409,Yes,31.41076,0,0.1,Yes,75.5,40,34111(RL) +4238 (MCTS),Yes,31.5899,0,N/A
kitspace_spike_n_hold,Yes,1071.048,0,11.069,Yes,1058.604,1,14,No,,,,Yes,1292.49,2,N/A
kitspace_ss_relay,Yes,1234.239,2,22.346,No,,,,No,,,,Yes,1269.974,9,N/A
kitspace_stack-light,No,,,,No,,,,No,,,,Yes,2231.694,73,N/A
kitspace_sympetrum-v2%20FF1.1,No,,,,No,,,,No,,,,Yes,1958.223,90,N/A
kitspace_sympetrum-v2%20NFF1,Yes,842.0452,0,39.321,No,,,,No,,,,Yes,950.8229,8,N/A
kitspace_sympetrum-v2%20NFF1.1,No,,,,Yes,892.2828,52,28,No,,,,Yes,1025.982,21,N/A
kitspace_teensy-fx,No,,,,No,,,,No,,,,Yes,3963.374,103,N/A
kitspace_temp_breakout,Yes,235.9783,0,2.208,Yes,237.294,0,2,No,,,,Yes,251.293,0,N/A
kitspace_test-jig,No,,,,No,,,,No,,,,Yes,2868.775,111,N/A
kitspace_threeboard,No,,,,No,,,,No,,,,Yes,1240.622,15,N/A
kitspace_tomu,No,,,,No,,,,No,,,,Yes,152.7952,10,N/A
kitspace_training_board,Yes,1709.436,1,3.652,No,,,,No,,,,Yes,1790.867,1,N/A
kitspace_training_board_v02,Yes,1414.115,1,3.652,No,,,,No,,,,Yes,1571.796,0,N/A
kitspace_trans_switch_volt_amp,Yes,791.888,0,3.718,No,,,,No,,,,Yes,1008.442,0,N/A
kitspace_tri_panel_4up_r0.1,No,,,,No,,,,No,,,,Yes,2736.458,259,N/A
kitspace_tt_nano_HAT_b1,Yes,461.637,0,3.158,Yes,443.6292,6,3,No,,,,Yes,470.4244,0,N/A
kitspace_tt_nano_HAT_b2,Yes,653.1267,0,6.412,Yes,622.7293,11,5,No,,,,Yes,680.912,0,N/A
kitspace_tt_opt101_module_b1,Yes,56.58206,0,1.47,Yes,54.74041,1,0.1,No,,,,Yes,65.82257,0,N/A
kitspace_ulx3s,No,,,,No,,,,No,,,,Yes,10112.29,554,N/A
kitspace_ulx4m,No,,,,No,,,,No,,,,Yes,6593.556,714,N/A
klangorium_logic_noise_playground,Yes,4073.002975,2,443.97,No,,,,,,,,,,,
komputer-klavier_KomputerKlavier,Yes,746.5681259,0,6.25,Yes,710.479327583289,4,5.0,,,,,,,,
laptimer58_Chickadee,Yes,806.0099329084412,22,34.02,No,,,,,,,,,,,
lattice-ice40-hx8kevb-sdram_hx8kevb-sdram,No,,,,No,,,,,,,,,,,
lea-m8f-board_lea-m8f,No,,,,Yes,706.2653630059009,38,109.0,,,,,,,,
led-wordclock_wordclock,Yes,1824.873,17,215.07,No,,,,,,,,,,,
led_array_atmega8_led_array,Yes,1473.924976,0,9.33,Yes,1476.174288550085,5,22.0,,,,,,,,
light-painting-wand_light-wand,Yes,540.3131076,8,33.26,No,,,,,,,,,,,
linklayer_contact,Yes,758.2102,4,28.801,Yes,653.6065,35,64,No,,,,Yes,783.1945,22,N/A
low-power-counter_lpcounter,Yes,583.9672665,0,5.32,Yes,514.6523346752806,15,8.0,,,,,,,,
m2-electronics_m2fc,No,,,,No,,,,,,,,,,,
m2-electronics_m2pa,Yes,254.4951214,1,18.12,No,,,,,,,,,,,
m2-electronics_m2pa-instrument,Yes,254.4951214,1,17.88,No,,,,,,,,,,,
m2-electronics_m2pa-m3mount,Yes,213.5111183,0,5.92,No,,,,,,,,,,,
m2-electronics_m2pa-tiny,Yes,196.5656683,0,5.29,No,,,,,,,,,,,
m2-electronics_m2pogo,No,,,,Yes,52.29777054234137,0,0.1,,,,,,,,
m2-electronics_m2r,Yes,1313.381241464222,12,681.53,No,,,,,,,,,,,
m2-electronics_m2rl,Yes,321.55288,3,12.55,Yes,276.63276738597204,14,3.0,,,,,,,,
mEncoder_mencoder,Yes,76.07118738,2,1.93,Yes,64.93848698695805,6,0.1,,,,,,,,
mac-pro-conversion_front-panel-power-adapter,Yes,215.499188,0,0.74,Yes,194.46753236814718,0,11.0,,,,,,,,
mac-pro-conversion_front-panel-usb-adapter,Yes,75.05332089,1,1.18,Yes,75.78309391762652,2,0.1,,,,,,,,
magic-table_etch-a-sketch,Yes,793.7052377,0,2.97,No,,,,,,,,,,,
magic-table_etch-a-sketch_cyclone,Yes,800.4967,0,2.81,No,,,,,,,,,,,
makerspace-emonth_load_box,Yes,1534.878913,10,72.25,No,,,,,,,,,,,
makerspace-emonth_resistor_board,Yes,904.900785,0,8.46,Yes,880.9369800779006,6,13.0,,,,,,,,
marlin-neopixel-bridge_ATtiny85_Marneo,Yes,135.0332119,0,0.88,Yes,131.06068811604456,0,0.1,,,,,,,,
mavbridge_mavbridge,Yes,555.9028447,15,20.07,Yes,421.1819258552937,41,3.0,,,,,,,,
maytal_Maytal,No,,,,Yes,502.9997568193206,3,11.0,,,,,,,,
mdbwerk_mdbwerk,No,,,,No,,,,,,,,,,,
mearm-base-pcb_ServoPCB,Yes,401.5009222,0,7.31,Yes,383.716485742209,2,7.0,,,,,,,,
mechkeys_1800-controller,Yes,1159.238782,8,555.8,No,,,,,,,,,,,
mechkeys_58r-mxalps,No,,,,No,,,,,,,,,,,
mechkeys_BluePad,Yes,4234.520527,42,3320.93,No,,,,,,,,,,,
mechkeys_LFK78,No,,,,No,,,,,,,,,,,
mechkeys_MF68+10,Yes,13282.06381,55,3531.04,Yes,12534.339652545303,343,631.0,,,,,,,,
mechkeys_isp,Yes,213.03407540568224,0,2.1500000000000004,No,,,,,,,,,,,
mechkeys_lfk78-jtag,Yes,118.5152477,0,0.66,Yes,115.42166000066004,2,0.1,,,,,,,,
mechkeys_lfk_revc,No,,,,No,,,,,,,,,,,
mechkeys_lfk_revd,No,,,,No,,,,,,,,,,,
medusa_medusa_cape,No,,,,No,,,,,,,,,,,
medusa_medusa_rs422_rx,Yes,698.4394188,1,45.760000000000005,Yes,574.7398825653067,34,5.0,,,,,,,,
medusa_medusa_rs422_tx,Yes,2746.3611400701075,37,622.9,No,,,,,,,,,,,
memory-display_memory-display,Yes,513.6682,0,2.17,Yes,501.16120064197906,5,7.0,,,,,,,,
memsarray_mems_array,Yes,8758.941002755166,37,4306.320000000001,Yes,8248.646308898496,178,1193.0,,,,,,,,
memsarray_mems_modules,No,,,,No,,,,,,,,,,,
microphone_preamp,Yes,362.8291872,3,12.72,Yes,285.3730270335804,13,2.0,,,,,,,,
microphone_preamp-power,No,,,,No,,,,,,,,,,,
mightyduino_mightyduino,Yes,989.557101,32,367.23,No,,,,,,,,,,,
mini-whip_mini-whip,Yes,230.26823858022766,1,2.98,No,,,,,,,,,,,
mini-whip_mini-whip-power-feed,Yes,232.62552566279325,3,3.0300000000000002,No,,,,,,,,,,,
mini_ice40_mini_ice40,Yes,900.5600624,18,155.06,Yes,788.5326488446591,106,135.0,,,,,,,,
mini_mass_prog_bench_prog_rig,No,,,,Yes,14114.684404803564,369,19656.0,,,,,,,,
miniboard-opamp_miniboard-opamp,Yes,294.3620549929826,2,10.97,No,,,,,,,,,,,
miniboard-stm32f0_miniboard-stm32f0,Yes,528.2281254,18,21.39,No,,,,,,,,,,,
minievse_minievse,Yes,1242.431396,0,10.22,No,,,,,,,,,,,
minima-hardware_FrontPanel,Yes,3115.443,16,208.97,No,,,,,,,,,,,
mobile-sensor-pcb_mobile-sensor-pcb,No,,,,No,,,,,,,,,,,
mod12003_mod12003,Yes,3389.445806965428,45,153.76999999999998,No,,,,,,,,,,,
mod1base_mod1base,Yes,3620.740752659716,34,1646.66,No,,,,,,,,,,,
modular_bus_board_bus,Yes,967.4622815506418,0,8.17,Yes,1109.8440613085254,4,80.0,,,,,,,,
mojo-nes_mojo-nes,Yes,1737.248,18,75.2,Yes,1724.1398802648844,58,756.0,,,,,,,,
moonpunchorg_pcieduino,Yes,1078.102,25,168.587,No,,,,No,,,,Yes,1066.923,41,N/A
mosavr_pcie1x_backplane,Yes,1275.219779,0,7.07,Yes,1381.2491716946415,29,28.0,,,,,,,,
mosavr_pcie_pi_module,Yes,2019.162352,23,36.62,Yes,1814.180328310513,81,370.0,,,,,,,,
motor-3xdrv8833-hw_ver1,Yes,2238.012537,67,922.62,No,,,,,,,,,,,
motor-high-current-sensors_CurrentSensorPCB_line,No,,,,No,,,,,,,,,,,
motor_control_hardware_poncho,No,,,,Yes,1206.6199806647578,10,52.0,,,,,,,,
mppt-1210-hus_mppt-1210-hus,Yes,3256.414087516564,67,67.06,No,,,,,,,,,,,
mppt-2420-hc_mppt-2420-hc,Yes,3446.5122702788944,65,65.62,No,,,,,,,,,,,
mppt-2420-hpx_mppt-2420-hpx,No,,,,No,,,,,,,,,,,
mppt-2420-rc_mppt-2420-rc,No,,,,No,,,,,,,,,,,
nRF24breakoutBoard_nRF24-breakout,Yes,93.52929832417882,0,0.55,Yes,87.62770285127246,1,0.1,,,,,,,,
nan-15_pcb,No,,,,No,,,,,,,,,,,
nan-15_top-plate,No,,,,Yes,763.6433995560462,22,12.0,,,,,,,,
nanoSwinSidC_nanoSwinSidC,No,,,,Yes,511.7058697158029,66,6.0,,,,,,,,
nanoTracer_nanoTracer,No,,,,Yes,1383.5380304279051,25,81.0,,,,,,,,
navelino-leaf_navelino-leaf,No,,,,Yes,283.88528082512227,13,4.0,,,,,,,,
navelino_navelino,No,,,,Yes,981.8179211370531,103,14.0,,,,,,,,
newer-motor-controllers_busparts,No,,,,No,,,,,,,,,,,
newer-motor-controllers_design3,Yes,541.6939064,7,19,Yes,508.94612978362386,19,15.0,,,,,,,,
newer-motor-controllers_si31-3,No,,,,No,,,,,,,,,,,
newer-motor-controllers_stm32f407riser,Yes,0,0,685.08,No,,,,,,,,,,,
nextbusclock_NextBusClockV1,Yes,1522.637063,0,32.3,Yes,1445.3006911802554,26,24.0,,,,,,,,
nichiden27_PISCIUM,Yes,2246.034,2,28.3,Yes,2225.633452442789,15,44.0,,,,,,,,
nikon_gps_nikon_gps,Yes,322.0201904397953,6,48.24,No,,,,,,,,,,,
nixie-clock_ab18x5-breakout,Yes,121.1820867,0,1.9,Yes,112.96933446167434,1,9.0,,,,,,,,
nodemcu-backstage_NodeMCU Backstage,Yes,361.8350233662666,0,2.46,No,,,,,,,,,,,
nodemcu-basecamp_NodeMCU Basecamp,Yes,1268.5218055740513,15,300.15999999999997,No,,,,,,,,,,,
nrf2rfm69_nrf2rfm69,Yes,157.87372422897522,3,2.02,Yes,166.40280575789296,6,2.0,,,,,,,,
nrf51-kicad_nrf51x22_qfax_dcdc,No,,,,No,,,,,,,,,,,
nrf52-kicad_nrf51x22_qfax_dcdc,No,,,,No,,,,,,,,,,,
nunchuk_rf_hw_NunchukRF_V3,Yes,1088.4202835922724,22,213.82,No,,,,,,,,,,,
oled-bmp280-touch_oled-bmp280-touch,Yes,525.9571936,0,2.13,Yes,642.2856242694509,13,23.0,,,,,,,,
omega-dock-new_omega-dock-new,Yes,313.5500943,5,8.74,No,,,,,,,,,,,
one-shift-register_one-shift-register,Yes,371.1504984,0,1.56,Yes,366.4445600276381,0,4.0,,,,,,,,
onion2-breakout_onion2 breakout,Yes,629.9516198114496,5,12.370000000000001,No,,,,,,,,,,,
open-source-multimeter_board,Yes,1753.549418522985,1,59.28,Yes,1676.3990294398855,82,253.0,,,,,,,,
opendous_Upconverter,No,,,,No,,,,No,,,,Yes,2910.391,4,N/A
opentilt_opentilt1,Yes,609.7075806262214,1,3.48,Yes,573.8929218485599,3,10.0,,,,,,,,
opentilt_opentilt2,No,,,,Yes,361.8202784667645,7,3.0,,,,,,,,
oshtimer_transponder,Yes,66.49533574,1,0.71,Yes,58.49665709933224,3,0.1,,,,,,,,
oskirby_logicbone,No,,,,No,,,,No,,,,Yes,10496.78,658,N/A
ottawa-badges-2016_ottawa-badge-tagger-2016,Yes,322.3745919,1,14.81,No,,,,,,,,,,,
ottawa-badges-2016_ottawa-badges-2016,Yes,2275.8124055177377,38,598.3100000000001,No,,,,,,,,,,,
ourglass__autosave-watch-v4,Yes,596.2426209,28,129.32,No,,,,,,,,,,,
ourglass_watch-v4,Yes,596.2426209,28,121.2,No,,,,,,,,,,,
ozinverter_ozinverterkicad,Yes,2081.538861,0,20.58,Yes,2073.7781073652745,14,46.0,,,,,,,,
pcb-covox-amp-v2_pcb-covox-amp-v2,Yes,1504.702893031309,17,45.09,No,,,,,,,,,,,
pcb-covox-amp_pcb-covox-amp,No,,,,No,,,,,,,,,,,
pcb-ice40-vga_VGA expansion,Yes,590.5424610239452,1,17.990000000000002,No,,,,,,,,,,,
pcb-ks0108-128x64-glcd_circuit,Yes,425.1433116,10,29.52,Yes,364.18859349835543,25,3.0,,,,,,,,
pcb-usb-ft245r-parallel-adapter_pcb-usb-ft245r-parallel-adapter,Yes,424.4364846,11,18.89,No,,,,,,,,,,,
pcb_HDMI2RGB_HDMI2RGB,No,,,,No,,,,,,,,,,,
pcbproject_opensda_project_opensda,No,,,,No,,,,,,,,,,,
perfplusplus_Ard-perf++,Yes,2279.88217,0,1209.08,Yes,3077.6123951745617,447,306.0,,,,,,,,
pesho_pesho,Yes,1518.976977,1,58.05,Yes,1404.540156617202,24,32.0,,,,,,,,
phone_amp_phone_amp,No,,,,Yes,536.4826166770597,72,5.0,,,,,,,,
phone_rtty_interface_phone_rtty_rev_a,Yes,433.8566529,0,2.75,No,,,,,,,,,,,
phone_rtty_interface_phone_rtty_rev_b,Yes,505.0910342,0,3.34,No,,,,,,,,,,,
photon_Sprinkler_sprinkler,Yes,723.6943559,0,3.74,Yes,697.1314927824778,11,10.0,,,,,,,,
pi-zero-stepper-board_pi-zero-stepper-board,Yes,1630.873831,5,24.06,No,,,,,,,,,,,
pi_plant_MCP3002,Yes,209.7114173,0,0.86,Yes,199.6480897582207,5,1.0,,,,,,,,
piboy-zero_piggrl_zero_baseboard,Yes,2555.317603,46,3100.58,No,,,,,,,,,,,
pico-pi-rel_pico-pi,Yes,1198.368347,36,54.04,No,,,,,,,,,,,
pmod-rgmii_pmod-rgmii-RTL8211E-module,No,,,,No,,,,,,,,,,,
pmtoy-hardware-pcb_PMToy,Yes,815.8665288,6,208.77,No,,,,,,,,,,,
pocketbone-kicad_pocketbone-kicad,No,,,,No,,,,,,,,,,,
polearm-weapon_rod,Yes,1038.605421,2,8.82,No,,,,,,,,,,,
poncho_fpga_fpga-dongle,Yes,7330.926145024499,89,5816.2699999999995,No,,,,,,,,,,,
ponchoeduciaaiot_ponchoeduciaaiot,Yes,1568.382048,2,64.47,Yes,1449.7036555626084,22,58.0,,,,,,,,
ponyser-pcb_Ponyser,Yes,103.4180026,0,0.8,Yes,97.47129602064236,5,0.1,,,,,,,,
powerfreq-hardware_powerfreq,Yes,554.5534192,0,1.16,No,,,,,,,,,,,
powersupply_5v_v1_powersupply_5v_v1,Yes,1038.159109,0,6.86,Yes,1039.2193706168262,2,30.0,,,,,,,,
prog-cc-100mA_prog-cc-100mA,Yes,607.9052588,1,14.19,Yes,597.7760064388989,4,4.0,,,,,,,,
protoarray_proto_array,No,,,,Yes,1968.3210953978046,100,1268.0,,,,,,,,
psx2vectrex_vectrexmando,Yes,1014.335837,5,84.98,Yes,748.6808346537226,48,7.0,,,,,,,,
pulse_v1_pulse,No,,,,No,,,,,,,,,,,
pwm-2420-lus_pwm-2420-lus,No,,,,No,,,,,,,,,,,
qrp_swr_meter_swr_meter_rev_a,Yes,361.3724857,0,1.83,No,,,,,,,,,,,
radio_antenna-iridium,Yes,306.3365997,0,22.28,No,,,,,,,,,,,
radio_saw_dcc6c,Yes,92.65465184,2,1.22,No,,,,,,,,,,,
raspberry-pi-rfm69_rfm69-rpi,Yes,1624.458942,29,160.95,No,,,,,,,,,,,
raspberry_pi_pullup_button_pullup_shutdown_button,Yes,52.78198894,0,0.51,No,,,,,,,,,,,
raspberry_pi_pullup_button_pullup_shutdown_button(revB),Yes,52.275,0,0.28,No,,,,,,,,,,,
raspberrypi-3-usb-hub_usb_hub,Yes,798.525737,0,9.88,Yes,695.2631753400472,4,16.0,,,,,,,,
raspican_raspican,Yes,601.4985367,0,3.6,No,,,,,,,,,,,
rc2014_bank_switcher_z80_cpm_mmu,Yes,1068.6020485093618,0,15.39,Yes,1044.873072007034,24,12.0,,,,,,,,
reach-nrf51822-hardware_reach-target-hw,No,,,,No,,,,,,,,,,,
recalbox-gpio-board__autosave-board,Yes,3720.403072,10,271.83,No,,,,,,,,,,,
recalbox-gpio-board_board,Yes,3720.403072,10,270.26,No,,,,,,,,,,,
red-scout_red-scout-aa,Yes,1287.461469,14,77.43,No,,,,,,,,,,,
retrocon_bbb-adapter,Yes,946.734318,3,9.41,Yes,884.5735541464855,13,11.0,,,,,,,,
retrocon_driver_board,Yes,843.3362929,0,4.74,No,,,,,,,,,,,
retroreflectors_CONGFLOCK,No,,,,Yes,13.72554,2,0.1,No,,,,Yes,12.23043,0,N/A
retroreflectors_FLAMENCOFLOCK,No,,,,No,,,,No,,,,Yes,156.5004,0,N/A
retroreflectors_RUMBAFLOCK,No,,,,Yes,15.25786,2,0.1,No,,,,Yes,13.62827,0,N/A
retroreflectors_SALSAFLOCK,No,,,,No,,,,No,,,,Yes,674.5068,17,N/A
retroreflectors_TANGOFLOCK,Yes,123.7551,0,1.685,No,,,,No,,,,Yes,131.2263,0,N/A
reworkctf_reworkctf,No,,,,No,,,,,,,,,,,
rf-biscuit_rf_biscuit,Yes,241.9686256,0,18.46,No,,,,,,,,,,,
rfcx-sentinel-pcb_MPPT,No,,,,Yes,893.6600798144682,47,326.0,,,,,,,,
rfcx-sentinel-pcb_Mainboard,Yes,2120.5030176320283,28,1103.44,No,,,,,,,,,,,
rfidBoard_POE,Yes,2468.0659041731315,56,3332.31,No,,,,,,,,,,,
rfidBoard_rfid,Yes,317.2172476,1,8.89,No,,,,,,,,,,,
rgb-led_rgb-led-v2,Yes,951.6331421,0,8.71,No,,,,,,,,,,,
rgb-led_rgb_led,Yes,243.61781442965008,0,0.55,Yes,242.9708755279679,0,4.0,,,,,,,,
rgb-strip-controller__autosave-rgb-strip,Yes,413.22782607048526,0,3.1599999999999997,No,,,,,,,,,,,
rgb2ypbpr_rgb2ypbpr,Yes,1382.285179,0,23.06,No,,,,,,,,,,,
rjw57_cpu-board,No,,,,No,,,,No,,,,Yes,8449.494,297,N/A
rk86kngmd_rk86kngmd,Yes,7741.77405,34,492.43,Yes,7432.812356483635,323,1122.0,,,,,,,,
rodi-pcb_rodi-pcb,Yes,965.6763601794913,7,181.88000000000002,No,,,,,,,,,,,
roomba-ESP12E_roomba-esp,Yes,687.1617737354986,5,9.11,Yes,766.5594673004816,51,28.0,,,,,,,,
rotary-encoder-breakout_rotary-encoder-breakout,Yes,120.5583883,2,1.38,Yes,109.73064633317426,4,0.1,,,,,,,,
rotorcontrol_nanomount,Yes,490.8448004,0,1.88,No,,,,,,,,,,,
royer_royer,Yes,418.556,0,1.86,No,,,,,,,,,,,
roz_roz-power-board,No,,,,Yes,1582.2877539669382,113,196.0,,,,,,,,
rufs__autosave-simple_kicad_schema_and_pcb_v1,Yes,50.41846687,0,0.36,Yes,50.56396103067891,0,0.1,,,,,,,,
rufs_aprs_tracker,Yes,833.8452997,4,15.09,No,,,,,,,,,,,
rufs_dra818v_breakout_board,Yes,297.7931643,1,1.9,No,,,,,,,,,,,
rufs_simple_kicad_schema_and_pcb_v1,Yes,50.41846687,0,0.28,No,,,,,,,,,,,
rufs_smart_psu,Yes,413.0777093,1,10.5,No,,,,,,,,,,,
rufs_spv1040_power_controller,Yes,246.6281513,0,7.94,Yes,219.22093793805092,9,1.0,,,,,,,,
rvi_v2x_hardware_V2X,No,,,,No,,,,,,,,,,,
rxadc_14_rxadc_14,Yes,661.7974286,8,153.55,No,,,,,,,,,,,
sb-serial-usb_ch340,Yes,528.2659117256642,1,35.9,Yes,410.1071839409542,27,2.0,,,,,,,,
sbc_sbc,No,,,,No,,,,,,,,,,,
scimpy_amp,Yes,1539.364465,3,36.35,Yes,1292.7184616087568,28,35.0,,,,,,,,
scimpy_crossover,Yes,551.9774647,0,8.09,Yes,513.908785642095,9,5.0,,,,,,,,
scimpy_powersupply,Yes,227.2985471,0,0.89,Yes,225.88410920514747,2,2.0,,,,,,,,
scimpy_volumebuffer,Yes,676.794366,0,14.92,Yes,638.9165259979106,15,7.0,,,,,,,,
sensorboard_DiffIR,Yes,243.7518277,2,4.22,Yes,230.47152613452067,8,1.0,,,,,,,,
sensorboard_DiffIR.kicad_pcb_narrow,Yes,270.1953,1,6.8,Yes,245.31451374419038,9,1.0,,,,,,,,
server_lader_server_lader,Yes,1546.6099124328562,21,76.28999999999999,No,,,,,,,,,,,
shieldfoxuino_sigfoxuino,Yes,1477.1252,6,82.94,Yes,1264.806495461385,51,29.0,,,,,,,,
shieldfoxuino_sigfoxuino - sauvegarde,Yes,1568.098,6,47.6,No,,,,,,,,,,,
shutter_Shutter V4,No,,,,No,,,,,,,,,,,
silverduino-board_kicad,Yes,726.1405468,1,4.72,No,,,,,,,,,,,
slushengine-modelx_slushengine_modelx,No,,,,No,,,,,,,,,,,
small-scope-electronics_small-scope,Yes,598.477229,0,4.59,Yes,607.2645194210692,6,9.0,,,,,,,,
smart-meter_SmartMeter,Yes,1946.6047955488034,7,1425.58,Yes,1815.9845784851434,74,373.0,,,,,,,,
sms-cart-32k_cart,Yes,995.8920851707669,5,19.74,Yes,1395.0285224268998,100,49.0,,,,,,,,
smt-zvs-driver_IH10,Yes,316.4058403,0,41.26,No,,,,,,,,,,,
smt-zvs-driver_IH10-mc,Yes,216.8437084,0,1.58,No,,,,,,,,,,,
smt-zvs-driver_IH10-sl,Yes,229.1057213527359,1,5.0600000000000005,No,,,,,,,,,,,
snappi-zero_snappi-zero,Yes,472.7817023831923,1,8.940000000000001,Yes,403.31167635974424,10,4.0,,,,,,,,
soil-moisture-sensor-analog_analog-moist-sensor,Yes,331.2072656,1,9.43,No,,,,,,,,,,,
solar-lanterns_proto1,Yes,179.6362445157963,0,1.15,Yes,177.62928543495235,2,1.0,,,,,,,,
solar-lora_solar-lora,No,,,,No,,,,,,,,,,,
sonic3_feram_adapter_sonic3_feram_adapter,Yes,229.8420180791896,7,14.35,Yes,213.76049636025743,13,1.0,,,,,,,,
spisolator_spisolator,Yes,254.2987445,4,15.11,Yes,198.5009470550054,16,1.0,,,,,,,,
split-pcb-throughole_splanck throughhole,Yes,1430.226,0,26.84,No,,,,,,,,,,,
srambo_1_srambo_1,Yes,3461.32117,49,302.19,Yes,3553.194938473596,331,212.0,,,,,,,,
ssr-wifi_adapter,Yes,702.3124599,0,4.52,Yes,636.0532970827581,11,13.0,,,,,,,,
starfish_starfish,Yes,821.1488114527937,24,676.11,No,,,,,,,,,,,
starsynctrackers_reset_switch,Yes,77.84223582,0,0.62,Yes,71.88355868707518,2,0.1,,,,,,,,
stlinkv2_breakout_stlink_breakout,Yes,71.24747156,0,0.51,Yes,70.58945013737969,0,0.1,,,,,,,,
stm32-lpc__autosave-stm32-lpc,Yes,607.5557953,18,146.74,Yes,622.0387667615938,75,7.0,,,,,,,,
stm32-lpc_stm32-lpc,Yes,591.0443987736777,24,66.37,Yes,622.0387667615938,75,7.0,,,,,,,,
stm32-network-rs232_stm32-network-rs232,Yes,1482.3719879235382,22,573.06,Yes,1414.8835519759245,110,206.0,,,,,,,,
stm32_ccd_camera_ccd,Yes,622.8017817,27,85.72000000000001,No,,,,,,,,,,,
stm32_mech_keyboard_TCKB,No,,,,No,,,,,,,,,,,
stm32_nucleo-64_proto_shield_nucleo_pb,Yes,2195.7209702025307,5,153.37,No,,,,,,,,,,,
stubby_hex,Yes,1573.718989995405,26,163.45999999999998,Yes,1520.072806855017,86,56.0,,,,,,,,
stubby_stubby,Yes,1567.892986,29,1027.08,Yes,1449.803021649724,107,94.0,,,,,,,,
supply-ldo-adj-single_supply-ldo-adj-single,Yes,271.2198632,0,4.37,No,,,,,,,,,,,
sv650sds_sds_tool,No,,,,Yes,285.99506849210053,6,2.0,,,,,,,,
sweet-sixteen_sweet-sixteen,Yes,5314.374672,97,1323.81,No,,,,,,,,,,,
tbd_tbd,No,,,,No,,,,,,,,,,,
tdstat_TDstatv2,Yes,1830.4473781716397,10,176.65,No,,,,,,,,,,,
technoshield-ui-hw_technoshield,Yes,2801.761084,15,90.37,No,,,,,,,,,,,
teensy-touch_teensy-touch,Yes,586.7852791,0,5.13,Yes,508.3789732533604,12,7.0,,,,,,,,
teensy-weather-badge_teensyi2c,Yes,455.2376034518082,1,9.3,Yes,428.21737033310075,6,4.0,,,,,,,,
teensy-wifi-weather-logger_teensyi2c,Yes,455.2376034518082,1,7.08,Yes,428.21737033310075,6,4.0,,,,,,,,
temp_logger_esp8266_temp_logger,Yes,280.3622677,0,1.17,No,,,,,,,,,,,
temperature-alarm_controller,Yes,847.9300347,0,4.79,No,,,,,,,,,,,
tepmachcha_tepmachcha,Yes,201.1009758,0,1.44,Yes,201.84822509627367,2,2.0,,,,,,,,
tessel-ice40__autosave-project,Yes,841.1961000327871,12,143.14000000000001,No,,,,,,,,,,,
thegrid_pole,Yes,308.7786,11,47.51,No,,,,,,,,,,,
thegrid_pole_panellised,Yes,306.2438465290163,10,67.27,No,,,,,,,,,,,
thegrid_shield,Yes,731.0763535,6,47.91,Yes,581.078113254567,34,13.0,,,,,,,,
thegrid_thegrid,Yes,1200.604368,0,6.25,Yes,1222.8401483990733,15,157.0,,,,,,,,
thingBot-LoRa_thingBot-LoRa_v1P0,Yes,343.4546578,3,20.85,No,,,,,,,,,,,
thingBot-LoRa_thingBot-LoRa_v1P1,Yes,347.5634856,3,20.13,No,,,,,,,,,,,
ti_cc3200_quadcopter_cc3200_quad,No,,,,No,,,,,,,,,,,
timecircuits-hardware_BTTF-TimeCircuits,Yes,5565.923309,60,918.22,Yes,4930.236773731216,250,197.0,,,,,,,,
tiny-8088_Computer,Yes,7138.680831589679,15,2081.6400000000003,No,,,,,,,,,,,
tinyDriverP_tinybot,No,,,,No,,,,,,,,,,,
tinyFISH_tinyBRUSH,Yes,61.82245068,5,11,Yes,58.45168377378843,5,0.1,,,,,,,,
tinyFISH_tinyFISH,No,,,,No,,,,,,,,,,,
tinyisp-micro_tinyispmicro,No,,,,No,,,,,,,,,,,
tinymuseum_museum,Yes,663.5010129641297,2,28.91,Yes,839.5762901830904,31,48.0,,,,,,,,
tmk_HHKB_controller,Yes,2762.162,38,1242.518,No,,,,No,,,,Yes,2979.934,61,N/A
two-daisy-chained-shift-registers_two-shift-registers,Yes,908.7104023,0,11.42,Yes,846.3340804392963,28,10.0,,,,,,,,
type5_type5,Yes,1857.822426,13,27.71,Yes,2197.9860094957257,82,141.0,,,,,,,,
typec-charger_TypeC-DC-Charger,No,,,,No,,,,,,,,,,,
uC3Moy_uC3Moy,No,,,,No,,,,,,,,,,,
uSKY_uSKY,No,,,,Yes,145.14776921579897,17,1.0,,,,,,,,
uedaino_uedaino,Yes,1510.938,21,159.31,No,,,,,,,,,,,
uext-esp32_UEXT_ESP32,Yes,284.8473468,5,16.67,No,,,,,,,,,,,
usb2serial-CH340G_USB2TTL-CH340G,Yes,247.9673311919249,4,14.62,Yes,200.41258953098819,18,2.0,,,,,,,,
usb_rs232c_usb_rs232c_rev_a,Yes,324.0095668,14,40.02,No,,,,,,,,,,,
vatx_vatx,Yes,657.3266352,4,10.91,No,,,,,,,,,,,
vdcmon_vdcmon,Yes,1220.735816,1,11.08,Yes,1165.1493546018955,15,11.0,,,,,,,,
vhf-radio_exp-1,Yes,1076.795354341024,18,396.38,No,,,,,,,,,,,
wavegen_rev3,No,,,,No,,,,,,,,,,,
wavegen_waveform-generator,No,,,,No,,,,,,,,,,,
wavegen_waveform-generator-rev1,No,,,,No,,,,,,,,,,,
wavegen_wavegen,No,,,,No,,,,,,,,,,,
wavegen_wavegen-alt,Yes,1183.251363737561,22,300.34,No,,,,,,,,,,,
wifi-iot-core-hw_wifi-iot-core-hw,No,,,,No,,,,,,,,,,,
wifiLCD_wifilcd,Yes,645.6503004,11,36.81,Yes,569.6607424039129,37,9.0,,,,,,,,
wifi_pants_wifi_pants,Yes,832.8209890708166,4,516.63,No,,,,,,,,,,,
wifi_pstn_cid_tel_interf,No,,,,No,,,,,,,,,,,
wiggleport_wiggle-spine,No,,,,No,,,,No,,,,Yes,10594.3,346,N/A
wordclock_ledboard2,Yes,6077.395424,0,84.35,Yes,5880.504138808675,28,229.0,,,,,,,,
wt-rpm_C.H.I.P,Yes,688.8658142,0,23.44,Yes,623.2212508344562,15,53.0,,,,,,,,
wt-rpm_rasp_side,Yes,2198.2963661918825,1,26,Yes,2312.7914389492657,34,90.0,,,,,,,,
xmasOrn_xmasOrn,Yes,2049.201832,36,6582.47,No,,,,,,,,,,,
xt_ide_slot_8_support_slot_8_support,Yes,160.5640221,0,1.03,Yes,146.3248032802506,9,0.1,,,,,,,,
xwhatits-capsense-controller_amkey-usb,No,,,,Yes,2049.6041649788713,88,457.0,,,,,,,,
xwhatits-capsense-controller_beamspring-usb,Yes,2400.185909,70,694.72,Yes,2308.6193654425037,112,352.0,,,,,,,,
xwhatits-capsense-controller_displaywriter-usb,Yes,2304.620776897405,30,599.24,Yes,2093.989899234889,120,103.0,,,,,,,,
xwhatits-capsense-controller_model-f-3178-adaptor,Yes,227.3417004,0,1.39,Yes,227.6707511200792,0,0.1,,,,,,,,
xwhatits-capsense-controller_model-f-usb,Yes,2636.59288,42,1171.37,Yes,2475.520485696245,114,172.0,,,,,,,,
xwhatits-capsense-controller_solenoid-driver,Yes,299.6408012,1,8.72,Yes,267.0037805415735,12,1.0,,,,,,,,
yamsek.kicad_i2c_bridge_primary,Yes,229.23101410586852,7,11.870000000000001,Yes,204.10651506262056,12,1.0,,,,,,,,
yamsek.kicad_i2c_bridge_secondary,Yes,159.0286,2,4.76,Yes,153.86387437550127,7,1.0,,,,,,,,
yamsek.kicad_matrix_attiny861a,Yes,458.6672436,21,36.43,Yes,411.7096757253587,40,3.0,,,,,,,,
yamsek.kicad_matrix_mcp23017,No,,,,Yes,371.80333174829246,33,2.0,,,,,,,,
youtubeplaybutton_playbutton,Yes,3962.8324064016374,82,2664.81,No,,,,,,,,,,,
z2amiller_sensorboard,Yes,374.7094,2,2.229,No,,,,No,,,,Yes,436.3812,14,N/A
z2amiller_sensorboard_programmer,Yes,153.743,0,2.229,Yes,139.5945,2,0.1,No,,,,Yes,152.1517,0,N/A
zx-sizif-128_sizif128,Yes,7837.696057,47,1335.6799999999998,No,,,,,,,,,,,
zx-sizif-512-ext_sizif512ext,No,,,,No,,,,,,,,,,,
zx-sizif-512-wifi_sizif512-wifi,Yes,257.2558063957897,4,6.25,No,,,,,,,,,,,
zx-sizif-xxs_sizif-xxs,No,,,,No,,,,,,,,,,,
zx-tsid_zx-tsid,No,,,,No,,,,,,,,,,,
